Datetime,Action,Close,Position,P&L,Cumulative_Returns
2025-08-21 04:02:00+00:00,SELL,3382.800048828125,10.0,-4.00146484375,995.99853515625
2025-08-21 04:03:00+00:00,SELL,3382.199951171875,10.0,6.0009765625,1001.99951171875
2025-08-21 04:04:00+00:00,SELL,3382.5,10.0,-3.00048828125,998.9990234375
2025-08-21 04:05:00+00:00,SELL,3382.800048828125,10.0,-3.00048828125,995.99853515625
2025-08-21 04:06:00+00:00,SELL,3382.89990234375,10.0,-0.99853515625,995.0
2025-08-21 04:07:00+00:00,SELL,3382.699951171875,10.0,1.99951171875,996.99951171875
2025-08-21 04:08:00+00:00,SELL,3383.0,10.0,-3.00048828125,993.9990234375
2025-08-21 04:09:00+00:00,SELL,3382.800048828125,10.0,1.99951171875,995.99853515625
2025-08-21 04:10:00+00:00,SELL,3382.699951171875,10.0,1.0009765625,996.99951171875
2025-08-21 04:12:00+00:00,SELL,3382.89990234375,10.0,-1.99951171875,995.0
2025-08-21 04:13:00+00:00,SELL,3382.60009765625,10.0,2.998046875,997.998046875
2025-08-21 04:14:00+00:00,SELL,3382.39990234375,10.0,2.001953125,1000.0
2025-08-21 04:15:00+00:00,SELL,3381.800048828125,10.0,5.99853515625,1005.99853515625
2025-08-21 04:17:00+00:00,BUY,3382.300048828125,10.0,5.0,1010.99853515625
2025-08-21 04:18:00+00:00,BUY,3382.39990234375,10.0,0.99853515625,1011.9970703125
2025-08-21 04:20:00+00:00,BUY,3382.0,10.0,-3.9990234375,1007.998046875
2025-08-21 04:21:00+00:00,BUY,3381.800048828125,10.0,-1.99951171875,1005.99853515625
2025-08-21 04:23:00+00:00,BUY,3382.10009765625,10.0,3.00048828125,1008.9990234375
2025-08-21 04:25:00+00:00,BUY,3382.300048828125,10.0,1.99951171875,1010.99853515625
2025-08-21 04:26:00+00:00,BUY,3381.800048828125,10.0,-5.0,1005.99853515625
2025-08-21 04:27:00+00:00,BUY,3381.699951171875,10.0,-1.0009765625,1004.99755859375
2025-08-21 04:28:00+00:00,BUY,3382.10009765625,10.0,4.00146484375,1008.9990234375
2025-08-21 04:29:00+00:00,BUY,3382.699951171875,10.0,5.99853515625,1014.99755859375
2025-08-21 04:30:00+00:00,SELL,3383.5,10.0,8.00048828125,1022.998046875
2025-08-21 04:31:00+00:00,SELL,3383.300048828125,10.0,1.99951171875,1024.99755859375
2025-08-21 04:32:00+00:00,SELL,3383.60009765625,10.0,-3.00048828125,1021.9970703125
2025-08-21 04:33:00+00:00,SELL,3383.5,10.0,1.0009765625,1022.998046875
2025-08-21 04:34:00+00:00,SELL,3383.60009765625,10.0,-1.0009765625,1021.9970703125
2025-08-21 04:35:00+00:00,SELL,3383.300048828125,10.0,3.00048828125,1024.99755859375
2025-08-21 04:36:00+00:00,SELL,3383.10009765625,10.0,1.99951171875,1026.9970703125
2025-08-21 04:37:00+00:00,SELL,3382.60009765625,10.0,5.0,1031.9970703125
2025-08-21 04:38:00+00:00,SELL,3382.5,10.0,1.0009765625,1032.998046875
2025-08-21 04:39:00+00:00,SELL,3381.5,10.0,10.0,1042.998046875
2025-08-21 04:41:00+00:00,BUY,3381.699951171875,10.0,1.99951171875,1044.99755859375
2025-08-21 04:42:00+00:00,BUY,3381.60009765625,10.0,-0.99853515625,1043.9990234375
2025-08-21 04:43:00+00:00,BUY,3381.39990234375,10.0,-2.001953125,1041.9970703125
2025-08-21 04:46:00+00:00,BUY,3381.699951171875,10.0,3.00048828125,1044.99755859375
2025-08-21 04:47:00+00:00,BUY,3381.10009765625,10.0,-5.99853515625,1038.9990234375
2025-08-21 04:48:00+00:00,BUY,3380.89990234375,10.0,-2.001953125,1036.9970703125
2025-08-21 04:49:00+00:00,BUY,3381.10009765625,10.0,2.001953125,1038.9990234375
2025-08-21 04:50:00+00:00,BUY,3381.0,10.0,-1.0009765625,1037.998046875
2025-08-21 04:51:00+00:00,BUY,3381.5,10.0,5.0,1042.998046875
2025-08-21 04:53:00+00:00,BUY,3381.300048828125,10.0,-1.99951171875,1040.99853515625
2025-08-21 04:54:00+00:00,BUY,3381.199951171875,10.0,-1.0009765625,1039.99755859375
2025-08-21 04:55:00+00:00,BUY,3381.10009765625,10.0,-0.99853515625,1038.9990234375
2025-08-21 04:56:00+00:00,BUY,3380.699951171875,10.0,-4.00146484375,1034.99755859375
2025-08-21 04:58:00+00:00,BUY,3380.60009765625,10.0,-0.99853515625,1033.9990234375
2025-08-21 04:59:00+00:00,BUY,3380.800048828125,10.0,1.99951171875,1035.99853515625
2025-08-21 05:00:00+00:00,BUY,3380.89990234375,10.0,0.99853515625,1036.9970703125
2025-08-21 05:01:00+00:00,BUY,3380.300048828125,10.0,-5.99853515625,1030.99853515625
2025-08-21 05:03:00+00:00,BUY,3380.699951171875,10.0,3.9990234375,1034.99755859375
2025-08-21 05:04:00+00:00,BUY,3380.89990234375,10.0,1.99951171875,1036.9970703125
2025-08-21 05:06:00+00:00,BUY,3380.60009765625,10.0,-2.998046875,1033.9990234375
2025-08-21 05:07:00+00:00,BUY,3380.199951171875,10.0,-4.00146484375,1029.99755859375
2025-08-21 05:08:00+00:00,BUY,3379.800048828125,10.0,-3.9990234375,1025.99853515625
2025-08-21 05:09:00+00:00,BUY,3380.10009765625,10.0,3.00048828125,1028.9990234375
2025-08-21 05:11:00+00:00,BUY,3379.89990234375,10.0,-2.001953125,1026.9970703125
2025-08-21 05:13:00+00:00,BUY,3379.60009765625,10.0,-2.998046875,1023.9990234375
2025-08-21 05:14:00+00:00,BUY,3379.800048828125,10.0,1.99951171875,1025.99853515625
2025-08-21 05:15:00+00:00,BUY,3380.10009765625,10.0,3.00048828125,1028.9990234375
2025-08-21 05:16:00+00:00,BUY,3380.699951171875,10.0,5.99853515625,1034.99755859375
2025-08-21 05:18:00+00:00,BUY,3381.300048828125,10.0,6.0009765625,1040.99853515625
2025-08-21 05:19:00+00:00,SELL,3381.60009765625,10.0,3.00048828125,1043.9990234375
2025-08-21 05:20:00+00:00,SELL,3381.39990234375,10.0,2.001953125,1046.0009765625
2025-08-21 05:21:00+00:00,SELL,3381.699951171875,10.0,-3.00048828125,1043.00048828125
2025-08-21 05:22:00+00:00,SELL,3380.89990234375,10.0,8.00048828125,1051.0009765625
2025-08-21 05:23:00+00:00,SELL,3381.10009765625,10.0,-2.001953125,1048.9990234375
2025-08-21 05:24:00+00:00,SELL,3380.89990234375,10.0,2.001953125,1051.0009765625
2025-08-21 05:25:00+00:00,SELL,3380.60009765625,10.0,2.998046875,1053.9990234375
2025-08-21 05:26:00+00:00,SELL,3380.5,10.0,1.0009765625,1055.0
2025-08-21 05:27:00+00:00,SELL,3380.60009765625,10.0,-1.0009765625,1053.9990234375
2025-08-21 05:28:00+00:00,SELL,3381.199951171875,10.0,-5.99853515625,1048.00048828125
2025-08-21 05:30:00+00:00,SELL,3381.89990234375,10.0,-6.99951171875,1041.0009765625
2025-08-21 05:31:00+00:00,SELL,3381.5,10.0,3.9990234375,1045.0
2025-08-21 05:32:00+00:00,SELL,3382.300048828125,10.0,-8.00048828125,1036.99951171875
2025-08-21 05:33:00+00:00,SELL,3382.39990234375,10.0,-0.99853515625,1036.0009765625
2025-08-21 05:35:00+00:00,SELL,3381.89990234375,10.0,5.0,1041.0009765625
2025-08-21 05:36:00+00:00,SELL,3381.5,10.0,3.9990234375,1045.0
2025-08-21 05:37:00+00:00,SELL,3381.699951171875,10.0,-1.99951171875,1043.00048828125
2025-08-21 05:38:00+00:00,SELL,3381.5,10.0,1.99951171875,1045.0
2025-08-21 05:39:00+00:00,SELL,3381.699951171875,10.0,-1.99951171875,1043.00048828125
2025-08-21 05:40:00+00:00,SELL,3382.10009765625,10.0,-4.00146484375,1038.9990234375
2025-08-21 05:41:00+00:00,SELL,3381.60009765625,10.0,5.0,1043.9990234375
2025-08-21 05:42:00+00:00,SELL,3381.199951171875,10.0,4.00146484375,1048.00048828125
2025-08-21 05:43:00+00:00,SELL,3381.5,10.0,-3.00048828125,1045.0
2025-08-21 05:44:00+00:00,SELL,3381.300048828125,10.0,1.99951171875,1046.99951171875
2025-08-21 05:45:00+00:00,SELL,3381.800048828125,10.0,-5.0,1041.99951171875
2025-08-21 05:46:00+00:00,SELL,3381.699951171875,10.0,1.0009765625,1043.00048828125
2025-08-21 05:47:00+00:00,SELL,3381.89990234375,10.0,-1.99951171875,1041.0009765625
2025-08-21 05:48:00+00:00,SELL,3382.0,10.0,-1.0009765625,1040.0
2025-08-21 05:49:00+00:00,SELL,3382.300048828125,10.0,-3.00048828125,1036.99951171875
2025-08-21 05:50:00+00:00,SELL,3381.300048828125,10.0,10.0,1046.99951171875
2025-08-21 05:51:00+00:00,SELL,3381.199951171875,10.0,1.0009765625,1048.00048828125
2025-08-21 05:52:00+00:00,SELL,3381.89990234375,10.0,-6.99951171875,1041.0009765625
2025-08-21 05:53:00+00:00,SELL,3382.300048828125,10.0,-4.00146484375,1036.99951171875
2025-08-21 05:54:00+00:00,SELL,3381.89990234375,10.0,4.00146484375,1041.0009765625
2025-08-21 05:55:00+00:00,SELL,3381.60009765625,10.0,2.998046875,1043.9990234375
2025-08-21 05:56:00+00:00,SELL,3381.5,10.0,1.0009765625,1045.0
2025-08-21 05:57:00+00:00,SELL,3381.39990234375,10.0,1.0009765625,1046.0009765625
2025-08-21 05:58:00+00:00,BUY,3380.89990234375,10.0,5.0,1051.0009765625
2025-08-21 05:59:00+00:00,BUY,3381.0,10.0,1.0009765625,1052.001953125
2025-08-21 06:00:00+00:00,BUY,3380.60009765625,10.0,-3.9990234375,1048.0029296875
2025-08-21 06:01:00+00:00,BUY,3381.60009765625,10.0,10.0,1058.0029296875
2025-08-21 06:02:00+00:00,BUY,3381.5,10.0,-1.0009765625,1057.001953125
2025-08-21 06:03:00+00:00,BUY,3381.10009765625,10.0,-3.9990234375,1053.0029296875
2025-08-21 06:04:00+00:00,BUY,3380.5,10.0,-6.0009765625,1047.001953125
2025-08-21 06:05:00+00:00,BUY,3381.0,10.0,5.0,1052.001953125
2025-08-21 06:06:00+00:00,BUY,3381.300048828125,10.0,3.00048828125,1055.00244140625
2025-08-21 06:07:00+00:00,BUY,3381.10009765625,10.0,-1.99951171875,1053.0029296875
2025-08-21 06:08:00+00:00,BUY,3380.5,10.0,-6.0009765625,1047.001953125
2025-08-21 06:09:00+00:00,BUY,3380.699951171875,10.0,1.99951171875,1049.00146484375
2025-08-21 06:10:00+00:00,BUY,3381.10009765625,10.0,4.00146484375,1053.0029296875
2025-08-21 06:11:00+00:00,BUY,3380.800048828125,10.0,-3.00048828125,1050.00244140625
2025-08-21 06:12:00+00:00,BUY,3381.5,10.0,6.99951171875,1057.001953125
2025-08-21 06:13:00+00:00,BUY,3380.699951171875,10.0,-8.00048828125,1049.00146484375
2025-08-21 06:14:00+00:00,BUY,3380.60009765625,10.0,-0.99853515625,1048.0029296875
2025-08-21 06:15:00+00:00,BUY,3379.300048828125,10.0,-13.00048828125,1035.00244140625
2025-08-21 06:16:00+00:00,BUY,3380.60009765625,10.0,13.00048828125,1048.0029296875
2025-08-21 06:17:00+00:00,BUY,3380.39990234375,10.0,-2.001953125,1046.0009765625
2025-08-21 06:18:00+00:00,BUY,3380.10009765625,10.0,-2.998046875,1043.0029296875
2025-08-21 06:19:00+00:00,BUY,3379.89990234375,10.0,-2.001953125,1041.0009765625
2025-08-21 06:20:00+00:00,BUY,3379.5,10.0,-3.9990234375,1037.001953125
2025-08-21 06:21:00+00:00,BUY,3379.300048828125,10.0,-1.99951171875,1035.00244140625
2025-08-21 06:22:00+00:00,BUY,3378.199951171875,10.0,-11.0009765625,1024.00146484375
2025-08-21 06:23:00+00:00,BUY,3377.800048828125,10.0,-3.9990234375,1020.00244140625
2025-08-21 06:26:00+00:00,BUY,3377.300048828125,10.0,-5.0,1015.00244140625
2025-08-21 06:27:00+00:00,BUY,3377.10009765625,10.0,-1.99951171875,1013.0029296875
2025-08-21 06:28:00+00:00,BUY,3377.0,10.0,-1.0009765625,1012.001953125
2025-08-21 06:29:00+00:00,BUY,3376.800048828125,10.0,-1.99951171875,1010.00244140625
2025-08-21 06:30:00+00:00,BUY,3377.800048828125,10.0,10.0,1020.00244140625
2025-08-21 06:31:00+00:00,BUY,3377.5,10.0,-3.00048828125,1017.001953125
2025-08-21 06:32:00+00:00,BUY,3377.699951171875,10.0,1.99951171875,1019.00146484375
2025-08-21 06:33:00+00:00,BUY,3377.800048828125,10.0,1.0009765625,1020.00244140625
2025-08-21 06:34:00+00:00,BUY,3378.199951171875,10.0,3.9990234375,1024.00146484375
2025-08-21 06:35:00+00:00,BUY,3379.0,10.0,8.00048828125,1032.001953125
2025-08-21 06:36:00+00:00,BUY,3379.5,10.0,5.0,1037.001953125
2025-08-21 06:37:00+00:00,BUY,3379.300048828125,10.0,-1.99951171875,1035.00244140625
2025-08-21 06:38:00+00:00,SELL,3379.89990234375,10.0,5.99853515625,1041.0009765625
2025-08-21 06:39:00+00:00,SELL,3380.10009765625,10.0,-2.001953125,1038.9990234375
2025-08-21 06:40:00+00:00,SELL,3379.699951171875,10.0,4.00146484375,1043.00048828125
2025-08-21 06:42:00+00:00,SELL,3380.199951171875,10.0,-5.0,1038.00048828125
2025-08-21 06:43:00+00:00,SELL,3380.300048828125,10.0,-1.0009765625,1036.99951171875
2025-08-21 06:44:00+00:00,SELL,3379.89990234375,10.0,4.00146484375,1041.0009765625
2025-08-21 06:45:00+00:00,SELL,3378.60009765625,10.0,12.998046875,1053.9990234375
2025-08-21 06:46:00+00:00,SELL,3378.800048828125,10.0,-1.99951171875,1051.99951171875
2025-08-21 06:47:00+00:00,SELL,3379.300048828125,10.0,-5.0,1046.99951171875
2025-08-21 06:49:00+00:00,SELL,3378.800048828125,10.0,5.0,1051.99951171875
2025-08-21 06:50:00+00:00,BUY,3378.699951171875,10.0,1.0009765625,1053.00048828125
2025-08-21 06:53:00+00:00,BUY,3378.39990234375,10.0,-3.00048828125,1050.0
2025-08-21 06:54:00+00:00,BUY,3378.300048828125,10.0,-0.99853515625,1049.00146484375
2025-08-21 06:55:00+00:00,BUY,3377.89990234375,10.0,-4.00146484375,1045.0
2025-08-21 06:56:00+00:00,BUY,3378.199951171875,10.0,3.00048828125,1048.00048828125
2025-08-21 06:57:00+00:00,BUY,3378.699951171875,10.0,5.0,1053.00048828125
2025-08-21 06:58:00+00:00,BUY,3378.800048828125,10.0,1.0009765625,1054.00146484375
2025-08-21 07:00:00+00:00,BUY,3378.89990234375,10.0,0.99853515625,1055.0
2025-08-21 07:01:00+00:00,BUY,3378.0,10.0,-8.9990234375,1046.0009765625
2025-08-21 07:02:00+00:00,BUY,3378.199951171875,10.0,1.99951171875,1048.00048828125
2025-08-21 07:03:00+00:00,BUY,3378.10009765625,10.0,-0.99853515625,1047.001953125
2025-08-21 07:04:00+00:00,BUY,3378.39990234375,10.0,2.998046875,1050.0
2025-08-21 07:05:00+00:00,BUY,3378.89990234375,10.0,5.0,1055.0
2025-08-21 07:06:00+00:00,BUY,3379.0,10.0,1.0009765625,1056.0009765625
2025-08-21 07:07:00+00:00,SELL,3379.39990234375,10.0,3.9990234375,1060.0
2025-08-21 07:09:00+00:00,SELL,3379.0,10.0,3.9990234375,1063.9990234375
2025-08-21 07:10:00+00:00,SELL,3379.199951171875,10.0,-1.99951171875,1061.99951171875
2025-08-21 07:12:00+00:00,SELL,3379.5,10.0,-3.00048828125,1058.9990234375
2025-08-21 07:13:00+00:00,SELL,3379.699951171875,10.0,-1.99951171875,1056.99951171875
2025-08-21 07:14:00+00:00,SELL,3380.699951171875,10.0,-10.0,1046.99951171875
2025-08-21 07:15:00+00:00,SELL,3380.300048828125,10.0,3.9990234375,1050.99853515625
2025-08-21 07:16:00+00:00,SELL,3379.5,10.0,8.00048828125,1058.9990234375
2025-08-21 07:17:00+00:00,SELL,3380.0,10.0,-5.0,1053.9990234375
2025-08-21 07:18:00+00:00,SELL,3379.60009765625,10.0,3.9990234375,1057.998046875
2025-08-21 07:19:00+00:00,SELL,3379.699951171875,10.0,-0.99853515625,1056.99951171875
2025-08-21 07:20:00+00:00,SELL,3379.39990234375,10.0,3.00048828125,1060.0
2025-08-21 07:21:00+00:00,SELL,3379.89990234375,10.0,-5.0,1055.0
2025-08-21 07:22:00+00:00,SELL,3379.699951171875,10.0,1.99951171875,1056.99951171875
2025-08-21 07:23:00+00:00,SELL,3379.89990234375,10.0,-1.99951171875,1055.0
2025-08-21 07:24:00+00:00,SELL,3380.10009765625,10.0,-2.001953125,1052.998046875
2025-08-21 07:25:00+00:00,SELL,3379.5,10.0,6.0009765625,1058.9990234375
2025-08-21 07:26:00+00:00,SELL,3379.89990234375,10.0,-3.9990234375,1055.0
2025-08-21 07:28:00+00:00,SELL,3380.0,10.0,-1.0009765625,1053.9990234375
2025-08-21 07:29:00+00:00,SELL,3380.10009765625,10.0,-1.0009765625,1052.998046875
2025-08-21 07:30:00+00:00,SELL,3380.199951171875,10.0,-0.99853515625,1051.99951171875
2025-08-21 07:40:00+00:00,SELL,3381.699951171875,10.0,-15.0,1036.99951171875
2025-08-21 07:41:00+00:00,SELL,3381.800048828125,10.0,-1.0009765625,1035.99853515625
2025-08-21 07:42:00+00:00,SELL,3382.10009765625,10.0,-3.00048828125,1032.998046875
2025-08-21 07:43:00+00:00,SELL,3382.199951171875,10.0,-0.99853515625,1031.99951171875
2025-08-21 07:45:00+00:00,SELL,3382.5,10.0,-3.00048828125,1028.9990234375
2025-08-21 07:46:00+00:00,SELL,3382.39990234375,10.0,1.0009765625,1030.0
2025-08-21 07:47:00+00:00,SELL,3382.89990234375,10.0,-5.0,1025.0
2025-08-21 07:48:00+00:00,SELL,3383.0,10.0,-1.0009765625,1023.9990234375
2025-08-21 07:49:00+00:00,SELL,3382.800048828125,10.0,1.99951171875,1025.99853515625
2025-08-21 07:50:00+00:00,SELL,3383.199951171875,10.0,-3.9990234375,1021.99951171875
2025-08-21 07:51:00+00:00,SELL,3383.39990234375,10.0,-1.99951171875,1020.0
2025-08-21 07:52:00+00:00,SELL,3383.10009765625,10.0,2.998046875,1022.998046875
2025-08-21 07:53:00+00:00,SELL,3382.60009765625,10.0,5.0,1027.998046875
2025-08-21 07:54:00+00:00,SELL,3383.199951171875,10.0,-5.99853515625,1021.99951171875
2025-08-21 07:55:00+00:00,SELL,3383.10009765625,10.0,0.99853515625,1022.998046875
2025-08-21 07:56:00+00:00,SELL,3382.199951171875,10.0,9.00146484375,1031.99951171875
2025-08-21 07:57:00+00:00,SELL,3381.300048828125,10.0,8.9990234375,1040.99853515625
2025-08-21 07:58:00+00:00,SELL,3381.10009765625,10.0,1.99951171875,1042.998046875
2025-08-21 07:59:00+00:00,SELL,3381.89990234375,10.0,-7.998046875,1035.0
2025-08-21 08:00:00+00:00,SELL,3381.699951171875,10.0,1.99951171875,1036.99951171875
2025-08-21 08:01:00+00:00,SELL,3382.10009765625,10.0,-4.00146484375,1032.998046875
2025-08-21 08:02:00+00:00,SELL,3381.89990234375,10.0,2.001953125,1035.0
2025-08-21 08:03:00+00:00,SELL,3381.60009765625,10.0,2.998046875,1037.998046875
2025-08-21 08:04:00+00:00,SELL,3381.89990234375,10.0,-2.998046875,1035.0
2025-08-21 08:05:00+00:00,SELL,3382.0,10.0,-1.0009765625,1033.9990234375
2025-08-21 08:06:00+00:00,BUY,3381.60009765625,10.0,3.9990234375,1037.998046875
2025-08-21 08:07:00+00:00,BUY,3382.0,10.0,3.9990234375,1041.9970703125
2025-08-21 08:08:00+00:00,SELL,3382.10009765625,10.0,1.0009765625,1042.998046875
2025-08-21 08:09:00+00:00,SELL,3382.300048828125,10.0,-1.99951171875,1040.99853515625
2025-08-21 08:10:00+00:00,SELL,3382.5,10.0,-1.99951171875,1038.9990234375
2025-08-21 08:11:00+00:00,SELL,3382.39990234375,10.0,1.0009765625,1040.0
2025-08-21 08:12:00+00:00,SELL,3382.199951171875,10.0,1.99951171875,1041.99951171875
2025-08-21 08:13:00+00:00,SELL,3382.5,10.0,-3.00048828125,1038.9990234375
2025-08-21 08:14:00+00:00,SELL,3382.699951171875,10.0,-1.99951171875,1036.99951171875
2025-08-21 08:15:00+00:00,SELL,3382.39990234375,10.0,3.00048828125,1040.0
2025-08-21 08:16:00+00:00,SELL,3382.300048828125,10.0,0.99853515625,1040.99853515625
2025-08-21 08:17:00+00:00,SELL,3382.800048828125,10.0,-5.0,1035.99853515625
2025-08-21 08:19:00+00:00,SELL,3382.5,10.0,3.00048828125,1038.9990234375
2025-08-21 08:20:00+00:00,SELL,3382.60009765625,10.0,-1.0009765625,1037.998046875
2025-08-21 08:23:00+00:00,SELL,3382.39990234375,10.0,2.001953125,1040.0
2025-08-21 08:24:00+00:00,SELL,3381.800048828125,10.0,5.99853515625,1045.99853515625
2025-08-21 08:25:00+00:00,BUY,3381.699951171875,10.0,1.0009765625,1046.99951171875
2025-08-21 08:26:00+00:00,BUY,3381.89990234375,10.0,1.99951171875,1048.9990234375
2025-08-21 08:27:00+00:00,BUY,3381.800048828125,10.0,-0.99853515625,1048.00048828125
2025-08-21 08:28:00+00:00,BUY,3382.10009765625,10.0,3.00048828125,1051.0009765625
2025-08-21 08:29:00+00:00,BUY,3382.300048828125,10.0,1.99951171875,1053.00048828125
2025-08-21 08:30:00+00:00,SELL,3382.699951171875,10.0,3.9990234375,1056.99951171875
2025-08-21 08:31:00+00:00,SELL,3382.5,10.0,1.99951171875,1058.9990234375
2025-08-21 08:32:00+00:00,SELL,3382.89990234375,10.0,-3.9990234375,1055.0
2025-08-21 08:33:00+00:00,SELL,3383.10009765625,10.0,-2.001953125,1052.998046875
2025-08-21 08:34:00+00:00,SELL,3383.199951171875,10.0,-0.99853515625,1051.99951171875
2025-08-21 08:35:00+00:00,SELL,3382.699951171875,10.0,5.0,1056.99951171875
2025-08-21 08:36:00+00:00,SELL,3382.39990234375,10.0,3.00048828125,1060.0
2025-08-21 08:37:00+00:00,SELL,3382.5,10.0,-1.0009765625,1058.9990234375
2025-08-21 08:38:00+00:00,SELL,3382.300048828125,10.0,1.99951171875,1060.99853515625
2025-08-21 08:40:00+00:00,SELL,3382.199951171875,10.0,1.0009765625,1061.99951171875
2025-08-21 08:42:00+00:00,BUY,3381.300048828125,10.0,-8.9990234375,1053.00048828125
2025-08-21 08:43:00+00:00,BUY,3381.60009765625,10.0,3.00048828125,1056.0009765625
2025-08-21 08:44:00+00:00,BUY,3381.300048828125,10.0,-3.00048828125,1053.00048828125
2025-08-21 08:45:00+00:00,BUY,3381.199951171875,10.0,-1.0009765625,1051.99951171875
2025-08-21 08:46:00+00:00,BUY,3381.300048828125,10.0,1.0009765625,1053.00048828125
2025-08-21 08:47:00+00:00,BUY,3380.89990234375,10.0,-4.00146484375,1048.9990234375
2025-08-21 08:48:00+00:00,BUY,3380.60009765625,10.0,-2.998046875,1046.0009765625
2025-08-21 08:49:00+00:00,BUY,3380.89990234375,10.0,2.998046875,1048.9990234375
2025-08-21 08:50:00+00:00,BUY,3381.300048828125,10.0,4.00146484375,1053.00048828125
2025-08-21 08:52:00+00:00,BUY,3381.60009765625,10.0,3.00048828125,1056.0009765625
2025-08-21 08:53:00+00:00,BUY,3382.199951171875,10.0,5.99853515625,1061.99951171875
2025-08-21 08:54:00+00:00,SELL,3383.0,10.0,8.00048828125,1070.0
2025-08-21 08:55:00+00:00,SELL,3383.39990234375,10.0,-3.9990234375,1066.0009765625
2025-08-21 08:56:00+00:00,SELL,3383.0,10.0,3.9990234375,1070.0
2025-08-21 08:57:00+00:00,SELL,3382.5,10.0,5.0,1075.0
2025-08-21 08:58:00+00:00,SELL,3382.800048828125,10.0,-3.00048828125,1071.99951171875
2025-08-21 08:59:00+00:00,SELL,3382.0,10.0,8.00048828125,1080.0
2025-08-21 09:00:00+00:00,SELL,3380.89990234375,10.0,11.0009765625,1091.0009765625
2025-08-21 09:01:00+00:00,BUY,3381.60009765625,10.0,-7.001953125,1083.9990234375
2025-08-21 09:03:00+00:00,BUY,3381.10009765625,10.0,-5.0,1078.9990234375
2025-08-21 09:04:00+00:00,BUY,3381.199951171875,10.0,0.99853515625,1079.99755859375
2025-08-21 09:05:00+00:00,BUY,3381.699951171875,10.0,5.0,1084.99755859375
2025-08-21 09:06:00+00:00,BUY,3381.60009765625,10.0,-0.99853515625,1083.9990234375
2025-08-21 09:08:00+00:00,BUY,3382.39990234375,10.0,7.998046875,1091.9970703125
2025-08-21 09:09:00+00:00,SELL,3382.89990234375,10.0,5.0,1096.9970703125
2025-08-21 09:10:00+00:00,SELL,3383.10009765625,10.0,-2.001953125,1094.9951171875
2025-08-21 09:11:00+00:00,SELL,3382.5,10.0,6.0009765625,1100.99609375
2025-08-21 09:12:00+00:00,SELL,3382.699951171875,10.0,-1.99951171875,1098.99658203125
2025-08-21 09:13:00+00:00,SELL,3382.39990234375,10.0,3.00048828125,1101.9970703125
2025-08-21 09:14:00+00:00,SELL,3383.10009765625,10.0,-7.001953125,1094.9951171875
2025-08-21 09:15:00+00:00,SELL,3382.89990234375,10.0,2.001953125,1096.9970703125
2025-08-21 09:16:00+00:00,SELL,3382.39990234375,10.0,5.0,1101.9970703125
2025-08-21 09:17:00+00:00,SELL,3382.300048828125,10.0,0.99853515625,1102.99560546875
2025-08-21 09:18:00+00:00,SELL,3382.39990234375,10.0,-0.99853515625,1101.9970703125
2025-08-21 09:19:00+00:00,SELL,3381.89990234375,10.0,5.0,1106.9970703125
2025-08-21 09:20:00+00:00,BUY,3381.300048828125,10.0,5.99853515625,1112.99560546875
2025-08-21 09:21:00+00:00,BUY,3381.39990234375,10.0,0.99853515625,1113.994140625
2025-08-21 09:22:00+00:00,BUY,3382.10009765625,10.0,7.001953125,1120.99609375
2025-08-21 09:23:00+00:00,BUY,3381.699951171875,10.0,-4.00146484375,1116.99462890625
2025-08-21 09:25:00+00:00,BUY,3381.60009765625,10.0,-0.99853515625,1115.99609375
2025-08-21 09:26:00+00:00,BUY,3382.0,10.0,3.9990234375,1119.9951171875
2025-08-21 09:27:00+00:00,BUY,3382.10009765625,10.0,1.0009765625,1120.99609375
2025-08-21 09:28:00+00:00,BUY,3382.199951171875,10.0,0.99853515625,1121.99462890625
2025-08-21 09:29:00+00:00,BUY,3382.300048828125,10.0,1.0009765625,1122.99560546875
2025-08-21 09:30:00+00:00,BUY,3382.10009765625,10.0,-1.99951171875,1120.99609375
2025-08-21 09:40:00+00:00,SELL,3383.0,10.0,8.9990234375,1129.9951171875
2025-08-21 09:41:00+00:00,SELL,3383.10009765625,10.0,-1.0009765625,1128.994140625
2025-08-21 09:42:00+00:00,SELL,3382.89990234375,10.0,2.001953125,1130.99609375
2025-08-21 09:44:00+00:00,SELL,3382.199951171875,10.0,6.99951171875,1137.99560546875
2025-08-21 09:45:00+00:00,SELL,3382.89990234375,10.0,-6.99951171875,1130.99609375
2025-08-21 09:46:00+00:00,SELL,3382.699951171875,10.0,1.99951171875,1132.99560546875
2025-08-21 09:47:00+00:00,SELL,3383.39990234375,10.0,-6.99951171875,1125.99609375
2025-08-21 09:48:00+00:00,SELL,3383.5,10.0,-1.0009765625,1124.9951171875
2025-08-21 09:49:00+00:00,SELL,3383.800048828125,10.0,-3.00048828125,1121.99462890625
2025-08-21 09:50:00+00:00,SELL,3384.0,10.0,-1.99951171875,1119.9951171875
2025-08-21 09:51:00+00:00,SELL,3384.39990234375,10.0,-3.9990234375,1115.99609375
2025-08-21 09:52:00+00:00,SELL,3384.5,10.0,-1.0009765625,1114.9951171875
2025-08-21 09:53:00+00:00,SELL,3383.5,10.0,10.0,1124.9951171875
2025-08-21 09:54:00+00:00,SELL,3383.199951171875,10.0,3.00048828125,1127.99560546875
2025-08-21 09:55:00+00:00,SELL,3383.800048828125,10.0,-6.0009765625,1121.99462890625
2025-08-21 09:56:00+00:00,SELL,3383.199951171875,10.0,6.0009765625,1127.99560546875
2025-08-21 09:57:00+00:00,SELL,3382.5,10.0,6.99951171875,1134.9951171875
2025-08-21 09:58:00+00:00,SELL,3383.60009765625,10.0,-11.0009765625,1123.994140625
2025-08-21 09:59:00+00:00,SELL,3383.5,10.0,1.0009765625,1124.9951171875
2025-08-21 10:00:00+00:00,SELL,3383.699951171875,10.0,-1.99951171875,1122.99560546875
2025-08-21 10:01:00+00:00,SELL,3383.39990234375,10.0,3.00048828125,1125.99609375
2025-08-21 10:02:00+00:00,SELL,3382.800048828125,10.0,5.99853515625,1131.99462890625
2025-08-21 10:03:00+00:00,SELL,3382.89990234375,10.0,-0.99853515625,1130.99609375
2025-08-21 10:04:00+00:00,BUY,3382.800048828125,10.0,0.99853515625,1131.99462890625
2025-08-21 10:05:00+00:00,BUY,3382.699951171875,10.0,-1.0009765625,1130.99365234375
2025-08-21 10:06:00+00:00,BUY,3383.199951171875,10.0,5.0,1135.99365234375
2025-08-21 10:07:00+00:00,BUY,3383.10009765625,10.0,-0.99853515625,1134.9951171875
2025-08-21 10:08:00+00:00,BUY,3382.699951171875,10.0,-4.00146484375,1130.99365234375
2025-08-21 10:09:00+00:00,BUY,3382.300048828125,10.0,-3.9990234375,1126.99462890625
2025-08-21 10:10:00+00:00,BUY,3382.699951171875,10.0,3.9990234375,1130.99365234375
2025-08-21 10:11:00+00:00,BUY,3383.10009765625,10.0,4.00146484375,1134.9951171875
2025-08-21 10:12:00+00:00,BUY,3382.699951171875,10.0,-4.00146484375,1130.99365234375
2025-08-21 10:14:00+00:00,BUY,3382.800048828125,10.0,1.0009765625,1131.99462890625
2025-08-21 10:15:00+00:00,BUY,3382.5,10.0,-3.00048828125,1128.994140625
2025-08-21 10:16:00+00:00,BUY,3382.39990234375,10.0,-1.0009765625,1127.9931640625
2025-08-21 10:17:00+00:00,BUY,3382.10009765625,10.0,-2.998046875,1124.9951171875
2025-08-21 10:18:00+00:00,BUY,3382.5,10.0,3.9990234375,1128.994140625
2025-08-21 10:19:00+00:00,BUY,3382.199951171875,10.0,-3.00048828125,1125.99365234375
2025-08-21 10:20:00+00:00,BUY,3382.0,10.0,-1.99951171875,1123.994140625
2025-08-21 10:21:00+00:00,BUY,3381.800048828125,10.0,-1.99951171875,1121.99462890625
2025-08-21 10:22:00+00:00,BUY,3382.199951171875,10.0,3.9990234375,1125.99365234375
2025-08-21 10:23:00+00:00,BUY,3381.699951171875,10.0,-5.0,1120.99365234375
2025-08-21 10:24:00+00:00,BUY,3381.60009765625,10.0,-0.99853515625,1119.9951171875
2025-08-21 10:25:00+00:00,BUY,3381.300048828125,10.0,-3.00048828125,1116.99462890625
2025-08-21 10:26:00+00:00,BUY,3381.199951171875,10.0,-1.0009765625,1115.99365234375
2025-08-21 10:28:00+00:00,BUY,3381.699951171875,10.0,5.0,1120.99365234375
2025-08-21 10:29:00+00:00,BUY,3381.89990234375,10.0,1.99951171875,1122.9931640625
2025-08-21 10:30:00+00:00,BUY,3380.89990234375,10.0,-10.0,1112.9931640625
2025-08-21 10:33:00+00:00,BUY,3379.800048828125,10.0,-10.99853515625,1101.99462890625
2025-08-21 10:34:00+00:00,BUY,3379.5,10.0,-3.00048828125,1098.994140625
2025-08-21 10:35:00+00:00,BUY,3378.89990234375,10.0,-6.0009765625,1092.9931640625
2025-08-21 10:36:00+00:00,BUY,3378.800048828125,10.0,-0.99853515625,1091.99462890625
2025-08-21 10:37:00+00:00,BUY,3378.0,10.0,-8.00048828125,1083.994140625
2025-08-21 10:38:00+00:00,BUY,3377.89990234375,10.0,-1.0009765625,1082.9931640625
2025-08-21 10:39:00+00:00,BUY,3376.39990234375,10.0,-15.0,1067.9931640625
2025-08-21 10:40:00+00:00,BUY,3375.0,10.0,-13.9990234375,1053.994140625
2025-08-21 10:41:00+00:00,BUY,3373.5,10.0,-15.0,1038.994140625
2025-08-21 10:42:00+00:00,BUY,3372.10009765625,10.0,-13.9990234375,1024.9951171875
2025-08-21 10:43:00+00:00,BUY,3371.39990234375,10.0,-7.001953125,1017.9931640625
2025-08-21 10:44:00+00:00,BUY,3372.699951171875,10.0,13.00048828125,1030.99365234375
2025-08-21 10:45:00+00:00,BUY,3373.60009765625,10.0,9.00146484375,1039.9951171875
2025-08-21 10:46:00+00:00,BUY,3372.89990234375,10.0,-7.001953125,1032.9931640625
2025-08-21 10:47:00+00:00,BUY,3373.199951171875,10.0,3.00048828125,1035.99365234375
2025-08-21 10:48:00+00:00,BUY,3374.10009765625,10.0,9.00146484375,1044.9951171875
2025-08-21 10:50:00+00:00,BUY,3372.199951171875,10.0,-19.00146484375,1025.99365234375
2025-08-21 10:51:00+00:00,BUY,3372.5,10.0,3.00048828125,1028.994140625
2025-08-21 10:52:00+00:00,BUY,3372.39990234375,10.0,-1.0009765625,1027.9931640625
2025-08-21 10:53:00+00:00,BUY,3373.0,10.0,6.0009765625,1033.994140625
2025-08-21 10:54:00+00:00,BUY,3371.800048828125,10.0,-11.99951171875,1021.99462890625
2025-08-21 10:55:00+00:00,BUY,3370.199951171875,10.0,-16.0009765625,1005.99365234375
2025-08-21 10:56:00+00:00,BUY,3370.300048828125,10.0,1.0009765625,1006.99462890625
2025-08-21 10:57:00+00:00,BUY,3371.5,10.0,11.99951171875,1018.994140625
2025-08-21 10:58:00+00:00,BUY,3370.89990234375,10.0,-6.0009765625,1012.9931640625
2025-08-21 10:59:00+00:00,BUY,3371.0,10.0,1.0009765625,1013.994140625
2025-08-21 11:00:00+00:00,BUY,3370.60009765625,10.0,-3.9990234375,1009.9951171875
2025-08-21 11:01:00+00:00,BUY,3369.89990234375,10.0,-7.001953125,1002.9931640625
2025-08-21 11:02:00+00:00,BUY,3368.89990234375,10.0,-10.0,992.9931640625
2025-08-21 11:03:00+00:00,BUY,3368.39990234375,10.0,-5.0,987.9931640625
2025-08-21 11:04:00+00:00,BUY,3368.60009765625,10.0,2.001953125,989.9951171875
2025-08-21 11:05:00+00:00,BUY,3369.699951171875,10.0,10.99853515625,1000.99365234375
2025-08-21 11:06:00+00:00,BUY,3370.39990234375,10.0,6.99951171875,1007.9931640625
2025-08-21 11:07:00+00:00,BUY,3370.60009765625,10.0,2.001953125,1009.9951171875
2025-08-21 11:08:00+00:00,BUY,3369.89990234375,10.0,-7.001953125,1002.9931640625
2025-08-21 11:09:00+00:00,BUY,3370.300048828125,10.0,4.00146484375,1006.99462890625
2025-08-21 11:10:00+00:00,BUY,3370.10009765625,10.0,-1.99951171875,1004.9951171875
2025-08-21 11:11:00+00:00,BUY,3369.300048828125,10.0,-8.00048828125,996.99462890625
2025-08-21 11:12:00+00:00,BUY,3371.0,10.0,16.99951171875,1013.994140625
2025-08-21 11:13:00+00:00,BUY,3371.699951171875,10.0,6.99951171875,1020.99365234375
2025-08-21 11:14:00+00:00,BUY,3372.0,10.0,3.00048828125,1023.994140625
2025-08-21 11:15:00+00:00,BUY,3372.199951171875,10.0,1.99951171875,1025.99365234375
2025-08-21 11:18:00+00:00,SELL,3372.39990234375,10.0,-1.99951171875,1023.994140625
2025-08-21 11:20:00+00:00,SELL,3372.199951171875,10.0,1.99951171875,1025.99365234375
2025-08-21 11:21:00+00:00,SELL,3372.89990234375,10.0,-6.99951171875,1018.994140625
2025-08-21 11:22:00+00:00,SELL,3373.300048828125,10.0,-4.00146484375,1014.99267578125
2025-08-21 11:23:00+00:00,SELL,3373.39990234375,10.0,-0.99853515625,1013.994140625
2025-08-21 11:24:00+00:00,SELL,3373.199951171875,10.0,1.99951171875,1015.99365234375
2025-08-21 11:25:00+00:00,SELL,3374.5,10.0,-13.00048828125,1002.9931640625
2025-08-21 11:26:00+00:00,SELL,3375.0,10.0,-5.0,997.9931640625
2025-08-21 11:27:00+00:00,SELL,3373.699951171875,10.0,13.00048828125,1010.99365234375
2025-08-21 11:28:00+00:00,SELL,3374.300048828125,10.0,-6.0009765625,1004.99267578125
2025-08-21 11:29:00+00:00,SELL,3373.800048828125,10.0,5.0,1009.99267578125
2025-08-21 11:30:00+00:00,SELL,3373.89990234375,10.0,-0.99853515625,1008.994140625
2025-08-21 11:31:00+00:00,SELL,3373.60009765625,10.0,2.998046875,1011.9921875
2025-08-21 11:32:00+00:00,SELL,3372.89990234375,10.0,7.001953125,1018.994140625
2025-08-21 11:33:00+00:00,SELL,3373.5,10.0,-6.0009765625,1012.9931640625
2025-08-21 11:34:00+00:00,SELL,3373.60009765625,10.0,-1.0009765625,1011.9921875
2025-08-21 11:35:00+00:00,SELL,3373.800048828125,10.0,-1.99951171875,1009.99267578125
2025-08-21 11:36:00+00:00,SELL,3374.0,10.0,-1.99951171875,1007.9931640625
2025-08-21 11:38:00+00:00,SELL,3375.199951171875,10.0,-11.99951171875,995.99365234375
2025-08-21 11:39:00+00:00,SELL,3375.800048828125,10.0,-6.0009765625,989.99267578125
2025-08-21 11:41:00+00:00,SELL,3376.60009765625,10.0,-8.00048828125,981.9921875
2025-08-21 11:42:00+00:00,SELL,3375.89990234375,10.0,7.001953125,988.994140625
2025-08-21 11:43:00+00:00,SELL,3375.699951171875,10.0,1.99951171875,990.99365234375
2025-08-21 11:44:00+00:00,SELL,3376.60009765625,10.0,-9.00146484375,981.9921875
2025-08-21 11:45:00+00:00,SELL,3375.300048828125,10.0,13.00048828125,994.99267578125
2025-08-21 11:46:00+00:00,SELL,3375.699951171875,10.0,-3.9990234375,990.99365234375
2025-08-21 11:47:00+00:00,SELL,3375.39990234375,10.0,3.00048828125,993.994140625
2025-08-21 11:48:00+00:00,SELL,3375.699951171875,10.0,-3.00048828125,990.99365234375
2025-08-21 11:49:00+00:00,SELL,3375.5,10.0,1.99951171875,992.9931640625
2025-08-21 11:50:00+00:00,SELL,3376.39990234375,10.0,-8.9990234375,983.994140625
2025-08-21 11:51:00+00:00,SELL,3376.60009765625,10.0,-2.001953125,981.9921875
2025-08-21 11:53:00+00:00,SELL,3376.300048828125,10.0,3.00048828125,984.99267578125
2025-08-21 11:54:00+00:00,SELL,3376.699951171875,10.0,-3.9990234375,980.99365234375
2025-08-21 11:55:00+00:00,SELL,3376.39990234375,10.0,3.00048828125,983.994140625
2025-08-21 11:56:00+00:00,SELL,3375.60009765625,10.0,7.998046875,991.9921875
2025-08-21 11:57:00+00:00,SELL,3376.89990234375,10.0,-12.998046875,978.994140625
2025-08-21 11:58:00+00:00,SELL,3376.39990234375,10.0,5.0,983.994140625
2025-08-21 11:59:00+00:00,SELL,3376.10009765625,10.0,2.998046875,986.9921875
2025-08-21 12:00:00+00:00,SELL,3377.39990234375,10.0,-12.998046875,973.994140625
2025-08-21 12:01:00+00:00,SELL,3378.39990234375,10.0,-10.0,963.994140625
2025-08-21 12:02:00+00:00,SELL,3378.199951171875,10.0,1.99951171875,965.99365234375
2025-08-21 12:03:00+00:00,SELL,3380.0,10.0,-18.00048828125,947.9931640625
2025-08-21 12:04:00+00:00,SELL,3380.60009765625,10.0,-6.0009765625,941.9921875
2025-08-21 12:05:00+00:00,SELL,3381.60009765625,10.0,-10.0,931.9921875
2025-08-21 12:06:00+00:00,SELL,3382.0,10.0,-3.9990234375,927.9931640625
2025-08-21 12:07:00+00:00,SELL,3382.800048828125,10.0,-8.00048828125,919.99267578125
2025-08-21 12:08:00+00:00,SELL,3383.199951171875,10.0,-3.9990234375,915.99365234375
2025-08-21 12:09:00+00:00,SELL,3383.800048828125,10.0,-6.0009765625,909.99267578125
2025-08-21 12:10:00+00:00,SELL,3385.300048828125,10.0,-15.0,894.99267578125
2025-08-21 12:11:00+00:00,SELL,3384.5,10.0,8.00048828125,902.9931640625
2025-08-21 12:12:00+00:00,SELL,3384.10009765625,10.0,3.9990234375,906.9921875
2025-08-21 12:13:00+00:00,SELL,3384.5,10.0,-3.9990234375,902.9931640625
2025-08-21 12:14:00+00:00,SELL,3384.0,10.0,5.0,907.9931640625
2025-08-21 12:15:00+00:00,SELL,3383.10009765625,10.0,8.9990234375,916.9921875
2025-08-21 12:16:00+00:00,SELL,3384.300048828125,10.0,-11.99951171875,904.99267578125
2025-08-21 12:17:00+00:00,SELL,3384.39990234375,10.0,-0.99853515625,903.994140625
2025-08-21 12:18:00+00:00,SELL,3383.300048828125,10.0,10.99853515625,914.99267578125
2025-08-21 12:19:00+00:00,SELL,3382.60009765625,10.0,6.99951171875,921.9921875
2025-08-21 12:20:00+00:00,SELL,3382.699951171875,10.0,-0.99853515625,920.99365234375
2025-08-21 12:21:00+00:00,SELL,3381.699951171875,10.0,10.0,930.99365234375
2025-08-21 12:22:00+00:00,SELL,3382.199951171875,10.0,-5.0,925.99365234375
2025-08-21 12:23:00+00:00,SELL,3381.39990234375,10.0,8.00048828125,933.994140625
2025-08-21 12:24:00+00:00,SELL,3380.39990234375,10.0,10.0,943.994140625
2025-08-21 12:25:00+00:00,BUY,3379.10009765625,10.0,12.998046875,956.9921875
2025-08-21 12:26:00+00:00,BUY,3379.699951171875,10.0,5.99853515625,962.99072265625
2025-08-21 12:27:00+00:00,BUY,3379.5,10.0,-1.99951171875,960.9912109375
2025-08-21 12:28:00+00:00,BUY,3379.300048828125,10.0,-1.99951171875,958.99169921875
2025-08-21 12:29:00+00:00,BUY,3380.300048828125,10.0,10.0,968.99169921875
2025-08-21 12:30:00+00:00,BUY,3379.60009765625,10.0,-6.99951171875,961.9921875
2025-08-21 12:31:00+00:00,BUY,3380.10009765625,10.0,5.0,966.9921875
2025-08-21 12:32:00+00:00,BUY,3382.800048828125,10.0,26.99951171875,993.99169921875
2025-08-21 12:33:00+00:00,SELL,3384.10009765625,10.0,13.00048828125,1006.9921875
2025-08-21 12:34:00+00:00,SELL,3387.39990234375,10.0,-32.998046875,973.994140625
2025-08-21 12:35:00+00:00,SELL,3386.0,10.0,13.9990234375,987.9931640625
2025-08-21 12:36:00+00:00,SELL,3386.39990234375,10.0,-3.9990234375,983.994140625
2025-08-21 12:37:00+00:00,SELL,3387.10009765625,10.0,-7.001953125,976.9921875
2025-08-21 12:38:00+00:00,SELL,3385.60009765625,10.0,15.0,991.9921875
2025-08-21 12:39:00+00:00,SELL,3383.89990234375,10.0,17.001953125,1008.994140625
2025-08-21 12:40:00+00:00,SELL,3385.89990234375,10.0,-20.0,988.994140625
2025-08-21 12:41:00+00:00,SELL,3384.199951171875,10.0,16.99951171875,1005.99365234375
2025-08-21 12:42:00+00:00,SELL,3383.800048828125,10.0,3.9990234375,1009.99267578125
2025-08-21 12:43:00+00:00,SELL,3383.60009765625,10.0,1.99951171875,1011.9921875
2025-08-21 12:44:00+00:00,SELL,3382.0,10.0,16.0009765625,1027.9931640625
2025-08-21 12:46:00+00:00,SELL,3383.300048828125,10.0,-13.00048828125,1014.99267578125
2025-08-21 12:47:00+00:00,SELL,3383.89990234375,10.0,-5.99853515625,1008.994140625
2025-08-21 12:48:00+00:00,SELL,3385.300048828125,10.0,-14.00146484375,994.99267578125
2025-08-21 12:49:00+00:00,SELL,3384.800048828125,10.0,5.0,999.99267578125
2025-08-21 12:50:00+00:00,SELL,3383.699951171875,10.0,11.0009765625,1010.99365234375
2025-08-21 12:51:00+00:00,SELL,3382.60009765625,10.0,10.99853515625,1021.9921875
2025-08-21 12:52:00+00:00,SELL,3382.699951171875,10.0,-0.99853515625,1020.99365234375
2025-08-21 12:53:00+00:00,BUY,3382.5,10.0,1.99951171875,1022.9931640625
2025-08-21 12:54:00+00:00,BUY,3383.10009765625,10.0,6.0009765625,1028.994140625
2025-08-21 12:55:00+00:00,BUY,3382.89990234375,10.0,-2.001953125,1026.9921875
2025-08-21 12:56:00+00:00,BUY,3383.800048828125,10.0,9.00146484375,1035.99365234375
2025-08-21 12:57:00+00:00,SELL,3383.89990234375,10.0,0.99853515625,1036.9921875
2025-08-21 12:58:00+00:00,SELL,3384.39990234375,10.0,-5.0,1031.9921875
2025-08-21 12:59:00+00:00,SELL,3384.699951171875,10.0,-3.00048828125,1028.99169921875
2025-08-21 13:00:00+00:00,SELL,3385.699951171875,10.0,-10.0,1018.99169921875
2025-08-21 13:01:00+00:00,SELL,3385.800048828125,10.0,-1.0009765625,1017.99072265625
2025-08-21 13:02:00+00:00,SELL,3384.800048828125,10.0,10.0,1027.99072265625
2025-08-21 13:03:00+00:00,SELL,3385.300048828125,10.0,-5.0,1022.99072265625
2025-08-21 13:04:00+00:00,SELL,3384.60009765625,10.0,6.99951171875,1029.990234375
2025-08-21 13:05:00+00:00,SELL,3382.5,10.0,21.0009765625,1050.9912109375
2025-08-21 13:06:00+00:00,SELL,3383.5,10.0,-10.0,1040.9912109375
2025-08-21 13:08:00+00:00,SELL,3385.0,10.0,-15.0,1025.9912109375
2025-08-21 13:09:00+00:00,SELL,3384.60009765625,10.0,3.9990234375,1029.990234375
2025-08-21 13:10:00+00:00,SELL,3383.5,10.0,11.0009765625,1040.9912109375
2025-08-21 13:11:00+00:00,SELL,3385.10009765625,10.0,-16.0009765625,1024.990234375
2025-08-21 13:12:00+00:00,SELL,3384.0,10.0,11.0009765625,1035.9912109375
2025-08-21 13:13:00+00:00,SELL,3384.800048828125,10.0,-8.00048828125,1027.99072265625
2025-08-21 13:14:00+00:00,SELL,3385.10009765625,10.0,-3.00048828125,1024.990234375
2025-08-21 13:16:00+00:00,SELL,3386.0,10.0,-8.9990234375,1015.9912109375
2025-08-21 13:17:00+00:00,SELL,3386.5,10.0,-5.0,1010.9912109375
2025-08-21 13:18:00+00:00,SELL,3386.0,10.0,5.0,1015.9912109375
2025-08-21 13:19:00+00:00,SELL,3387.699951171875,10.0,-16.99951171875,998.99169921875
2025-08-21 13:20:00+00:00,SELL,3387.39990234375,10.0,3.00048828125,1001.9921875
2025-08-21 13:21:00+00:00,SELL,3387.89990234375,10.0,-5.0,996.9921875
2025-08-21 13:22:00+00:00,SELL,3388.10009765625,10.0,-2.001953125,994.990234375
2025-08-21 13:23:00+00:00,SELL,3387.800048828125,10.0,3.00048828125,997.99072265625
2025-08-21 13:24:00+00:00,SELL,3387.300048828125,10.0,5.0,1002.99072265625
2025-08-21 13:25:00+00:00,SELL,3387.0,10.0,3.00048828125,1005.9912109375
2025-08-21 13:26:00+00:00,SELL,3386.699951171875,10.0,3.00048828125,1008.99169921875
2025-08-21 13:27:00+00:00,SELL,3386.800048828125,10.0,-1.0009765625,1007.99072265625
2025-08-21 13:28:00+00:00,SELL,3386.10009765625,10.0,6.99951171875,1014.990234375
2025-08-21 13:29:00+00:00,SELL,3388.300048828125,10.0,-21.99951171875,992.99072265625
2025-08-21 13:30:00+00:00,SELL,3390.10009765625,10.0,-18.00048828125,974.990234375
2025-08-21 13:32:00+00:00,SELL,3389.699951171875,10.0,4.00146484375,978.99169921875
2025-08-21 13:33:00+00:00,SELL,3389.300048828125,10.0,3.9990234375,982.99072265625
2025-08-21 13:34:00+00:00,SELL,3390.199951171875,10.0,-8.9990234375,973.99169921875
2025-08-21 13:35:00+00:00,SELL,3389.89990234375,10.0,3.00048828125,976.9921875
2025-08-21 13:37:00+00:00,SELL,3388.89990234375,10.0,10.0,986.9921875
2025-08-21 13:38:00+00:00,SELL,3388.5,10.0,3.9990234375,990.9912109375
2025-08-21 13:39:00+00:00,SELL,3389.5,10.0,-10.0,980.9912109375
2025-08-21 13:40:00+00:00,SELL,3389.0,10.0,5.0,985.9912109375
2025-08-21 13:41:00+00:00,SELL,3388.89990234375,10.0,1.0009765625,986.9921875
2025-08-21 13:42:00+00:00,SELL,3388.699951171875,10.0,1.99951171875,988.99169921875
2025-08-21 13:43:00+00:00,SELL,3388.39990234375,10.0,3.00048828125,991.9921875
2025-08-21 13:44:00+00:00,SELL,3388.300048828125,10.0,0.99853515625,992.99072265625
2025-08-21 13:45:00+00:00,BUY,3380.39990234375,10.0,79.00146484375,1071.9921875
2025-08-21 13:46:00+00:00,BUY,3382.699951171875,10.0,23.00048828125,1094.99267578125
2025-08-21 13:47:00+00:00,BUY,3382.199951171875,10.0,-5.0,1089.99267578125
2025-08-21 13:48:00+00:00,BUY,3382.0,10.0,-1.99951171875,1087.9931640625
2025-08-21 13:49:00+00:00,BUY,3382.89990234375,10.0,8.9990234375,1096.9921875
2025-08-21 13:50:00+00:00,BUY,3381.89990234375,10.0,-10.0,1086.9921875
2025-08-21 13:51:00+00:00,BUY,3380.699951171875,10.0,-11.99951171875,1074.99267578125
2025-08-21 13:52:00+00:00,BUY,3380.89990234375,10.0,1.99951171875,1076.9921875
2025-08-21 13:53:00+00:00,BUY,3381.60009765625,10.0,7.001953125,1083.994140625
2025-08-21 13:54:00+00:00,BUY,3381.0,10.0,-6.0009765625,1077.9931640625
2025-08-21 13:55:00+00:00,BUY,3381.199951171875,10.0,1.99951171875,1079.99267578125
2025-08-21 13:56:00+00:00,BUY,3381.39990234375,10.0,1.99951171875,1081.9921875
2025-08-21 13:57:00+00:00,BUY,3382.0,10.0,6.0009765625,1087.9931640625
2025-08-21 13:58:00+00:00,BUY,3382.800048828125,10.0,8.00048828125,1095.99365234375
2025-08-21 13:59:00+00:00,BUY,3382.5,10.0,-3.00048828125,1092.9931640625
2025-08-21 14:00:00+00:00,BUY,3384.60009765625,10.0,21.0009765625,1113.994140625
2025-08-21 14:01:00+00:00,BUY,3384.800048828125,10.0,1.99951171875,1115.99365234375
2025-08-21 14:02:00+00:00,BUY,3384.10009765625,10.0,-6.99951171875,1108.994140625
2025-08-21 14:03:00+00:00,BUY,3382.10009765625,10.0,-20.0,1088.994140625
2025-08-21 14:04:00+00:00,BUY,3383.199951171875,10.0,10.99853515625,1099.99267578125
2025-08-21 14:05:00+00:00,BUY,3384.60009765625,10.0,14.00146484375,1113.994140625
2025-08-21 14:06:00+00:00,SELL,3385.60009765625,10.0,10.0,1123.994140625
2025-08-21 14:07:00+00:00,SELL,3384.199951171875,10.0,14.00146484375,1137.99560546875
2025-08-21 14:08:00+00:00,SELL,3385.0,10.0,-8.00048828125,1129.9951171875
2025-08-21 14:09:00+00:00,SELL,3386.10009765625,10.0,-11.0009765625,1118.994140625
2025-08-21 14:10:00+00:00,SELL,3386.89990234375,10.0,-7.998046875,1110.99609375
2025-08-21 14:11:00+00:00,SELL,3387.39990234375,10.0,-5.0,1105.99609375
2025-08-21 14:12:00+00:00,SELL,3388.10009765625,10.0,-7.001953125,1098.994140625
2025-08-21 14:13:00+00:00,SELL,3388.199951171875,10.0,-0.99853515625,1097.99560546875
2025-08-21 14:14:00+00:00,SELL,3388.300048828125,10.0,-1.0009765625,1096.99462890625
2025-08-21 14:15:00+00:00,SELL,3387.5,10.0,8.00048828125,1104.9951171875
2025-08-21 14:16:00+00:00,SELL,3387.89990234375,10.0,-3.9990234375,1100.99609375
2025-08-21 14:17:00+00:00,SELL,3388.10009765625,10.0,-2.001953125,1098.994140625
2025-08-21 14:18:00+00:00,SELL,3387.39990234375,10.0,7.001953125,1105.99609375
2025-08-21 14:19:00+00:00,SELL,3387.60009765625,10.0,-2.001953125,1103.994140625
2025-08-21 14:20:00+00:00,SELL,3385.699951171875,10.0,19.00146484375,1122.99560546875
2025-08-21 14:26:00+00:00,SELL,3388.800048828125,10.0,-31.0009765625,1091.99462890625
2025-08-21 14:27:00+00:00,SELL,3388.39990234375,10.0,4.00146484375,1095.99609375
2025-08-21 14:28:00+00:00,SELL,3387.89990234375,10.0,5.0,1100.99609375
2025-08-21 14:29:00+00:00,SELL,3388.300048828125,10.0,-4.00146484375,1096.99462890625
2025-08-21 14:30:00+00:00,SELL,3388.39990234375,10.0,-0.99853515625,1095.99609375
2025-08-21 14:31:00+00:00,SELL,3389.199951171875,10.0,-8.00048828125,1087.99560546875
2025-08-21 14:32:00+00:00,SELL,3388.89990234375,10.0,3.00048828125,1090.99609375
2025-08-21 14:33:00+00:00,SELL,3389.60009765625,10.0,-7.001953125,1083.994140625
2025-08-21 14:35:00+00:00,SELL,3389.800048828125,10.0,-1.99951171875,1081.99462890625
2025-08-21 14:36:00+00:00,SELL,3389.0,10.0,8.00048828125,1089.9951171875
2025-08-21 14:37:00+00:00,SELL,3389.89990234375,10.0,-8.9990234375,1080.99609375
2025-08-21 14:38:00+00:00,SELL,3391.39990234375,10.0,-15.0,1065.99609375
2025-08-21 14:39:00+00:00,SELL,3391.10009765625,10.0,2.998046875,1068.994140625
2025-08-21 14:40:00+00:00,SELL,3389.800048828125,10.0,13.00048828125,1081.99462890625
2025-08-21 14:41:00+00:00,SELL,3388.300048828125,10.0,15.0,1096.99462890625
2025-08-21 14:42:00+00:00,SELL,3389.39990234375,10.0,-10.99853515625,1085.99609375
2025-08-21 14:43:00+00:00,SELL,3388.699951171875,10.0,6.99951171875,1092.99560546875
2025-08-21 14:44:00+00:00,SELL,3386.60009765625,10.0,20.99853515625,1113.994140625
2025-08-21 14:45:00+00:00,BUY,3385.39990234375,10.0,12.001953125,1125.99609375
2025-08-21 14:46:00+00:00,BUY,3385.699951171875,10.0,3.00048828125,1128.99658203125
2025-08-21 14:47:00+00:00,BUY,3386.199951171875,10.0,5.0,1133.99658203125
2025-08-21 14:48:00+00:00,BUY,3386.5,10.0,3.00048828125,1136.9970703125
2025-08-21 14:49:00+00:00,BUY,3386.0,10.0,-5.0,1131.9970703125
2025-08-21 14:50:00+00:00,BUY,3386.5,10.0,5.0,1136.9970703125
2025-08-21 14:52:00+00:00,BUY,3387.800048828125,10.0,13.00048828125,1149.99755859375
2025-08-21 14:53:00+00:00,BUY,3386.800048828125,10.0,-10.0,1139.99755859375
2025-08-21 14:54:00+00:00,BUY,3387.60009765625,10.0,8.00048828125,1147.998046875
2025-08-21 14:55:00+00:00,BUY,3388.300048828125,10.0,6.99951171875,1154.99755859375
2025-08-21 14:56:00+00:00,BUY,3386.699951171875,10.0,-16.0009765625,1138.99658203125
2025-08-21 14:57:00+00:00,BUY,3387.10009765625,10.0,4.00146484375,1142.998046875
2025-08-21 14:58:00+00:00,BUY,3387.199951171875,10.0,0.99853515625,1143.99658203125
2025-08-21 14:59:00+00:00,BUY,3387.89990234375,10.0,6.99951171875,1150.99609375
2025-08-21 15:00:00+00:00,SELL,3388.5,10.0,6.0009765625,1156.9970703125
2025-08-21 15:01:00+00:00,SELL,3388.300048828125,10.0,1.99951171875,1158.99658203125
2025-08-21 15:02:00+00:00,SELL,3387.60009765625,10.0,6.99951171875,1165.99609375
2025-08-21 15:03:00+00:00,SELL,3387.10009765625,10.0,5.0,1170.99609375
2025-08-21 15:04:00+00:00,BUY,3385.89990234375,10.0,12.001953125,1182.998046875
2025-08-21 15:05:00+00:00,BUY,3385.699951171875,10.0,-1.99951171875,1180.99853515625
2025-08-21 15:06:00+00:00,BUY,3385.0,10.0,-6.99951171875,1173.9990234375
2025-08-21 15:07:00+00:00,BUY,3384.300048828125,10.0,-6.99951171875,1166.99951171875
2025-08-21 15:08:00+00:00,BUY,3383.699951171875,10.0,-6.0009765625,1160.99853515625
2025-08-21 15:09:00+00:00,BUY,3384.699951171875,10.0,10.0,1170.99853515625
2025-08-21 15:10:00+00:00,BUY,3384.199951171875,10.0,-5.0,1165.99853515625
2025-08-21 15:11:00+00:00,BUY,3382.89990234375,10.0,-13.00048828125,1152.998046875
2025-08-21 15:12:00+00:00,BUY,3382.5,10.0,-3.9990234375,1148.9990234375
2025-08-21 15:13:00+00:00,BUY,3382.699951171875,10.0,1.99951171875,1150.99853515625
2025-08-21 15:14:00+00:00,BUY,3382.10009765625,10.0,-5.99853515625,1145.0
2025-08-21 15:15:00+00:00,BUY,3381.39990234375,10.0,-7.001953125,1137.998046875
2025-08-21 15:17:00+00:00,BUY,3382.10009765625,10.0,7.001953125,1145.0
2025-08-21 15:18:00+00:00,BUY,3382.800048828125,10.0,6.99951171875,1151.99951171875
2025-08-21 15:20:00+00:00,BUY,3382.5,10.0,-3.00048828125,1148.9990234375
2025-08-21 15:21:00+00:00,BUY,3383.60009765625,10.0,11.0009765625,1160.0
2025-08-21 15:22:00+00:00,BUY,3381.800048828125,10.0,-18.00048828125,1141.99951171875
2025-08-21 15:23:00+00:00,BUY,3382.699951171875,10.0,8.9990234375,1150.99853515625
2025-08-21 15:24:00+00:00,BUY,3382.89990234375,10.0,1.99951171875,1152.998046875
2025-08-21 15:25:00+00:00,BUY,3383.5,10.0,6.0009765625,1158.9990234375
2025-08-21 15:26:00+00:00,BUY,3383.699951171875,10.0,1.99951171875,1160.99853515625
2025-08-21 15:27:00+00:00,BUY,3384.10009765625,10.0,4.00146484375,1165.0
2025-08-21 15:28:00+00:00,BUY,3383.0,10.0,-11.0009765625,1153.9990234375
2025-08-21 15:29:00+00:00,SELL,3386.800048828125,10.0,38.00048828125,1191.99951171875
2025-08-21 15:30:00+00:00,SELL,3385.60009765625,10.0,11.99951171875,1203.9990234375
2025-08-21 15:31:00+00:00,SELL,3386.199951171875,10.0,-5.99853515625,1198.00048828125
2025-08-21 15:32:00+00:00,SELL,3386.60009765625,10.0,-4.00146484375,1193.9990234375
2025-08-21 15:33:00+00:00,SELL,3387.60009765625,10.0,-10.0,1183.9990234375
2025-08-21 15:34:00+00:00,SELL,3387.0,10.0,6.0009765625,1190.0
2025-08-21 15:35:00+00:00,SELL,3387.39990234375,10.0,-3.9990234375,1186.0009765625
2025-08-21 15:36:00+00:00,SELL,3388.0,10.0,-6.0009765625,1180.0
2025-08-21 15:38:00+00:00,SELL,3389.300048828125,10.0,-13.00048828125,1166.99951171875
2025-08-21 15:39:00+00:00,SELL,3389.10009765625,10.0,1.99951171875,1168.9990234375
2025-08-21 15:40:00+00:00,SELL,3388.39990234375,10.0,7.001953125,1176.0009765625
2025-08-21 15:41:00+00:00,SELL,3388.60009765625,10.0,-2.001953125,1173.9990234375
2025-08-21 15:42:00+00:00,SELL,3389.800048828125,10.0,-11.99951171875,1161.99951171875
2025-08-21 15:43:00+00:00,SELL,3389.39990234375,10.0,4.00146484375,1166.0009765625
2025-08-21 15:44:00+00:00,SELL,3389.800048828125,10.0,-4.00146484375,1161.99951171875
2025-08-21 15:45:00+00:00,SELL,3388.699951171875,10.0,11.0009765625,1173.00048828125
2025-08-21 15:46:00+00:00,SELL,3389.0,10.0,-3.00048828125,1170.0
2025-08-21 15:49:00+00:00,SELL,3388.800048828125,10.0,1.99951171875,1171.99951171875
2025-08-21 15:50:00+00:00,SELL,3388.699951171875,10.0,1.0009765625,1173.00048828125
2025-08-21 15:51:00+00:00,SELL,3388.800048828125,10.0,-1.0009765625,1171.99951171875
2025-08-21 15:52:00+00:00,SELL,3387.699951171875,10.0,11.0009765625,1183.00048828125
2025-08-21 15:53:00+00:00,SELL,3388.0,10.0,-3.00048828125,1180.0
2025-08-21 15:54:00+00:00,SELL,3387.39990234375,10.0,6.0009765625,1186.0009765625
2025-08-21 15:55:00+00:00,SELL,3387.5,10.0,-1.0009765625,1185.0
2025-08-21 15:57:00+00:00,SELL,3387.699951171875,10.0,-1.99951171875,1183.00048828125
2025-08-21 15:58:00+00:00,BUY,3387.5,10.0,1.99951171875,1185.0
2025-08-21 16:00:00+00:00,BUY,3387.300048828125,10.0,-1.99951171875,1183.00048828125
2025-08-21 16:01:00+00:00,BUY,3386.10009765625,10.0,-11.99951171875,1171.0009765625
2025-08-21 16:02:00+00:00,BUY,3386.199951171875,10.0,0.99853515625,1171.99951171875
2025-08-21 16:03:00+00:00,BUY,3387.300048828125,10.0,11.0009765625,1183.00048828125
2025-08-21 16:04:00+00:00,BUY,3386.699951171875,10.0,-6.0009765625,1176.99951171875
2025-08-21 16:05:00+00:00,BUY,3386.5,10.0,-1.99951171875,1175.0
2025-08-21 16:06:00+00:00,BUY,3385.89990234375,10.0,-6.0009765625,1168.9990234375
2025-08-21 16:07:00+00:00,BUY,3386.300048828125,10.0,4.00146484375,1173.00048828125
2025-08-21 16:08:00+00:00,BUY,3386.39990234375,10.0,0.99853515625,1173.9990234375
2025-08-21 16:09:00+00:00,BUY,3387.300048828125,10.0,9.00146484375,1183.00048828125
2025-08-21 16:10:00+00:00,BUY,3387.199951171875,10.0,-1.0009765625,1181.99951171875
2025-08-21 16:11:00+00:00,BUY,3386.800048828125,10.0,-3.9990234375,1178.00048828125
2025-08-21 16:12:00+00:00,BUY,3386.5,10.0,-3.00048828125,1175.0
2025-08-21 16:13:00+00:00,BUY,3386.10009765625,10.0,-3.9990234375,1171.0009765625
2025-08-21 16:14:00+00:00,BUY,3385.60009765625,10.0,-5.0,1166.0009765625
2025-08-21 16:15:00+00:00,BUY,3385.10009765625,10.0,-5.0,1161.0009765625
2025-08-21 16:16:00+00:00,BUY,3385.0,10.0,-1.0009765625,1160.0
2025-08-21 16:17:00+00:00,BUY,3386.10009765625,10.0,11.0009765625,1171.0009765625
2025-08-21 16:18:00+00:00,BUY,3385.300048828125,10.0,-8.00048828125,1163.00048828125
2025-08-21 16:19:00+00:00,BUY,3385.10009765625,10.0,-1.99951171875,1161.0009765625
2025-08-21 16:20:00+00:00,BUY,3384.89990234375,10.0,-2.001953125,1158.9990234375
2025-08-21 16:21:00+00:00,BUY,3385.199951171875,10.0,3.00048828125,1161.99951171875
2025-08-21 16:22:00+00:00,BUY,3385.5,10.0,3.00048828125,1165.0
2025-08-21 16:23:00+00:00,BUY,3384.60009765625,10.0,-8.9990234375,1156.0009765625
2025-08-21 16:24:00+00:00,BUY,3383.89990234375,10.0,-7.001953125,1148.9990234375
2025-08-21 16:25:00+00:00,BUY,3384.10009765625,10.0,2.001953125,1151.0009765625
2025-08-21 16:26:00+00:00,BUY,3384.800048828125,10.0,6.99951171875,1158.00048828125
2025-08-21 16:27:00+00:00,BUY,3384.5,10.0,-3.00048828125,1155.0
2025-08-21 16:28:00+00:00,BUY,3384.10009765625,10.0,-3.9990234375,1151.0009765625
2025-08-21 16:29:00+00:00,BUY,3384.800048828125,10.0,6.99951171875,1158.00048828125
2025-08-21 16:30:00+00:00,BUY,3385.0,10.0,1.99951171875,1160.0
2025-08-21 16:31:00+00:00,BUY,3384.800048828125,10.0,-1.99951171875,1158.00048828125
2025-08-21 16:32:00+00:00,BUY,3384.300048828125,10.0,-5.0,1153.00048828125
2025-08-21 16:34:00+00:00,BUY,3384.199951171875,10.0,-1.0009765625,1151.99951171875
2025-08-21 16:36:00+00:00,BUY,3383.699951171875,10.0,-5.0,1146.99951171875
2025-08-21 16:37:00+00:00,BUY,3383.0,10.0,-6.99951171875,1140.0
2025-08-21 16:38:00+00:00,BUY,3382.89990234375,10.0,-1.0009765625,1138.9990234375
2025-08-21 16:39:00+00:00,BUY,3383.5,10.0,6.0009765625,1145.0
2025-08-21 16:40:00+00:00,BUY,3383.39990234375,10.0,-1.0009765625,1143.9990234375
2025-08-21 16:41:00+00:00,BUY,3384.300048828125,10.0,9.00146484375,1153.00048828125
2025-08-21 16:42:00+00:00,BUY,3384.699951171875,10.0,3.9990234375,1156.99951171875
2025-08-21 16:43:00+00:00,BUY,3384.39990234375,10.0,-3.00048828125,1153.9990234375
2025-08-21 16:44:00+00:00,BUY,3384.699951171875,10.0,3.00048828125,1156.99951171875
2025-08-21 16:45:00+00:00,BUY,3385.0,10.0,3.00048828125,1160.0
2025-08-21 16:46:00+00:00,BUY,3384.10009765625,10.0,-8.9990234375,1151.0009765625
2025-08-21 16:47:00+00:00,BUY,3384.60009765625,10.0,5.0,1156.0009765625
2025-08-21 16:48:00+00:00,BUY,3384.10009765625,10.0,-5.0,1151.0009765625
2025-08-21 16:49:00+00:00,BUY,3383.699951171875,10.0,-4.00146484375,1146.99951171875
2025-08-21 16:50:00+00:00,BUY,3383.5,10.0,-1.99951171875,1145.0
2025-08-21 16:51:00+00:00,BUY,3382.800048828125,10.0,-6.99951171875,1138.00048828125
2025-08-21 16:52:00+00:00,BUY,3383.0,10.0,1.99951171875,1140.0
2025-08-21 16:53:00+00:00,BUY,3382.5,10.0,-5.0,1135.0
2025-08-21 16:54:00+00:00,BUY,3383.199951171875,10.0,6.99951171875,1141.99951171875
2025-08-21 16:55:00+00:00,BUY,3382.39990234375,10.0,-8.00048828125,1133.9990234375
2025-08-21 16:56:00+00:00,BUY,3383.0,10.0,6.0009765625,1140.0
2025-08-21 16:58:00+00:00,BUY,3383.300048828125,10.0,3.00048828125,1143.00048828125
2025-08-21 16:59:00+00:00,BUY,3383.699951171875,10.0,3.9990234375,1146.99951171875
2025-08-21 17:01:00+00:00,BUY,3383.60009765625,10.0,-0.99853515625,1146.0009765625
2025-08-21 17:02:00+00:00,BUY,3384.0,10.0,3.9990234375,1150.0
2025-08-21 17:03:00+00:00,BUY,3384.10009765625,10.0,1.0009765625,1151.0009765625
2025-08-21 17:04:00+00:00,SELL,3384.800048828125,10.0,6.99951171875,1158.00048828125
2025-08-21 17:05:00+00:00,SELL,3385.699951171875,10.0,-8.9990234375,1149.00146484375
2025-08-21 17:06:00+00:00,SELL,3385.39990234375,10.0,3.00048828125,1152.001953125
2025-08-21 17:07:00+00:00,SELL,3385.5,10.0,-1.0009765625,1151.0009765625
2025-08-21 17:09:00+00:00,SELL,3385.199951171875,10.0,3.00048828125,1154.00146484375
2025-08-21 17:10:00+00:00,SELL,3385.0,10.0,1.99951171875,1156.0009765625
2025-08-21 17:11:00+00:00,SELL,3384.699951171875,10.0,3.00048828125,1159.00146484375
2025-08-21 17:12:00+00:00,SELL,3384.5,10.0,1.99951171875,1161.0009765625
2025-08-21 17:13:00+00:00,SELL,3384.199951171875,10.0,3.00048828125,1164.00146484375
2025-08-21 17:14:00+00:00,SELL,3384.800048828125,10.0,-6.0009765625,1158.00048828125
2025-08-21 17:15:00+00:00,SELL,3384.0,10.0,8.00048828125,1166.0009765625
2025-08-21 17:16:00+00:00,BUY,3383.5,10.0,5.0,1171.0009765625
2025-08-21 17:18:00+00:00,BUY,3383.199951171875,10.0,-3.00048828125,1168.00048828125
2025-08-21 17:19:00+00:00,BUY,3383.5,10.0,3.00048828125,1171.0009765625
2025-08-21 17:20:00+00:00,BUY,3383.699951171875,10.0,1.99951171875,1173.00048828125
2025-08-21 17:22:00+00:00,BUY,3383.89990234375,10.0,1.99951171875,1175.0
2025-08-21 17:23:00+00:00,BUY,3383.5,10.0,-3.9990234375,1171.0009765625
2025-08-21 17:24:00+00:00,BUY,3383.699951171875,10.0,1.99951171875,1173.00048828125
2025-08-21 17:25:00+00:00,BUY,3383.300048828125,10.0,-3.9990234375,1169.00146484375
2025-08-21 17:26:00+00:00,BUY,3383.60009765625,10.0,3.00048828125,1172.001953125
2025-08-21 17:27:00+00:00,BUY,3383.199951171875,10.0,-4.00146484375,1168.00048828125
2025-08-21 17:28:00+00:00,BUY,3382.199951171875,10.0,-10.0,1158.00048828125
2025-08-21 17:29:00+00:00,BUY,3381.699951171875,10.0,-5.0,1153.00048828125
2025-08-21 17:30:00+00:00,BUY,3382.89990234375,10.0,11.99951171875,1165.0
2025-08-21 17:31:00+00:00,BUY,3383.0,10.0,1.0009765625,1166.0009765625
2025-08-21 17:32:00+00:00,BUY,3382.89990234375,10.0,-1.0009765625,1165.0
2025-08-21 17:33:00+00:00,BUY,3383.10009765625,10.0,2.001953125,1167.001953125
2025-08-21 17:34:00+00:00,BUY,3383.199951171875,10.0,0.99853515625,1168.00048828125
2025-08-21 17:35:00+00:00,BUY,3382.60009765625,10.0,-5.99853515625,1162.001953125
2025-08-21 17:36:00+00:00,BUY,3382.800048828125,10.0,1.99951171875,1164.00146484375
2025-08-21 17:37:00+00:00,BUY,3383.5,10.0,6.99951171875,1171.0009765625
2025-08-21 17:38:00+00:00,BUY,3383.39990234375,10.0,-1.0009765625,1170.0
2025-08-21 17:39:00+00:00,BUY,3382.5,10.0,-8.9990234375,1161.0009765625
2025-08-21 17:40:00+00:00,BUY,3382.39990234375,10.0,-1.0009765625,1160.0
2025-08-21 17:41:00+00:00,BUY,3382.5,10.0,1.0009765625,1161.0009765625
2025-08-21 17:42:00+00:00,BUY,3382.0,10.0,-5.0,1156.0009765625
2025-08-21 17:44:00+00:00,BUY,3381.89990234375,10.0,-1.0009765625,1155.0
2025-08-21 17:45:00+00:00,BUY,3381.5,10.0,-3.9990234375,1151.0009765625
2025-08-21 17:46:00+00:00,BUY,3381.89990234375,10.0,3.9990234375,1155.0
2025-08-21 17:47:00+00:00,BUY,3382.199951171875,10.0,3.00048828125,1158.00048828125
2025-08-21 17:48:00+00:00,BUY,3382.60009765625,10.0,4.00146484375,1162.001953125
2025-08-21 17:49:00+00:00,BUY,3382.699951171875,10.0,0.99853515625,1163.00048828125
2025-08-21 17:50:00+00:00,BUY,3382.60009765625,10.0,-0.99853515625,1162.001953125
2025-08-21 17:52:00+00:00,BUY,3382.199951171875,10.0,-4.00146484375,1158.00048828125
2025-08-21 17:53:00+00:00,BUY,3382.0,10.0,-1.99951171875,1156.0009765625
2025-08-21 17:54:00+00:00,BUY,3382.39990234375,10.0,3.9990234375,1160.0
2025-08-21 17:55:00+00:00,BUY,3382.199951171875,10.0,-1.99951171875,1158.00048828125
2025-08-21 17:56:00+00:00,BUY,3381.60009765625,10.0,-5.99853515625,1152.001953125
2025-08-21 17:57:00+00:00,BUY,3381.800048828125,10.0,1.99951171875,1154.00146484375
2025-08-21 17:58:00+00:00,BUY,3381.89990234375,10.0,0.99853515625,1155.0
2025-08-21 17:59:00+00:00,BUY,3381.5,10.0,-3.9990234375,1151.0009765625
2025-08-21 18:00:00+00:00,BUY,3381.60009765625,10.0,1.0009765625,1152.001953125
2025-08-22 01:00:00+00:00,BUY,3383.699951171875,10.0,20.99853515625,1173.00048828125
2025-08-22 01:01:00+00:00,SELL,3383.10009765625,10.0,-5.99853515625,1167.001953125
2025-08-22 01:02:00+00:00,SELL,3382.60009765625,10.0,5.0,1172.001953125
2025-08-22 01:03:00+00:00,SELL,3382.5,10.0,1.0009765625,1173.0029296875
2025-08-22 01:04:00+00:00,SELL,3382.39990234375,10.0,1.0009765625,1174.00390625
2025-08-22 01:05:00+00:00,SELL,3382.5,10.0,-1.0009765625,1173.0029296875
2025-08-22 01:06:00+00:00,SELL,3382.800048828125,10.0,-3.00048828125,1170.00244140625
2025-08-22 01:07:00+00:00,SELL,3382.699951171875,10.0,1.0009765625,1171.00341796875
2025-08-22 01:09:00+00:00,SELL,3382.800048828125,10.0,-1.0009765625,1170.00244140625
2025-08-22 01:10:00+00:00,SELL,3382.5,10.0,3.00048828125,1173.0029296875
2025-08-22 01:11:00+00:00,SELL,3382.300048828125,10.0,1.99951171875,1175.00244140625
2025-08-22 01:12:00+00:00,BUY,3382.0,10.0,3.00048828125,1178.0029296875
2025-08-22 01:13:00+00:00,BUY,3382.5,10.0,5.0,1183.0029296875
2025-08-22 01:14:00+00:00,BUY,3382.10009765625,10.0,-3.9990234375,1179.00390625
2025-08-22 01:15:00+00:00,BUY,3381.89990234375,10.0,-2.001953125,1177.001953125
2025-08-22 01:16:00+00:00,BUY,3381.5,10.0,-3.9990234375,1173.0029296875
2025-08-22 01:17:00+00:00,BUY,3381.800048828125,10.0,3.00048828125,1176.00341796875
2025-08-22 01:18:00+00:00,BUY,3381.699951171875,10.0,-1.0009765625,1175.00244140625
2025-08-22 01:19:00+00:00,BUY,3381.5,10.0,-1.99951171875,1173.0029296875
2025-08-22 01:20:00+00:00,BUY,3382.0,10.0,5.0,1178.0029296875
2025-08-22 01:21:00+00:00,BUY,3381.300048828125,10.0,-6.99951171875,1171.00341796875
2025-08-22 01:22:00+00:00,BUY,3380.60009765625,10.0,-6.99951171875,1164.00390625
2025-08-22 01:23:00+00:00,BUY,3380.300048828125,10.0,-3.00048828125,1161.00341796875
2025-08-22 01:24:00+00:00,BUY,3381.0,10.0,6.99951171875,1168.0029296875
2025-08-22 01:26:00+00:00,BUY,3380.800048828125,10.0,-1.99951171875,1166.00341796875
2025-08-22 01:27:00+00:00,BUY,3381.10009765625,10.0,3.00048828125,1169.00390625
2025-08-22 01:28:00+00:00,BUY,3380.60009765625,10.0,-5.0,1164.00390625
2025-08-22 01:29:00+00:00,BUY,3380.699951171875,10.0,0.99853515625,1165.00244140625
2025-08-22 01:31:00+00:00,BUY,3381.5,10.0,8.00048828125,1173.0029296875
2025-08-22 01:32:00+00:00,BUY,3381.39990234375,10.0,-1.0009765625,1172.001953125
2025-08-22 01:33:00+00:00,BUY,3380.699951171875,10.0,-6.99951171875,1165.00244140625
2025-08-22 01:34:00+00:00,BUY,3381.0,10.0,3.00048828125,1168.0029296875
2025-08-22 01:35:00+00:00,BUY,3380.89990234375,10.0,-1.0009765625,1167.001953125
2025-08-22 01:36:00+00:00,BUY,3381.0,10.0,1.0009765625,1168.0029296875
2025-08-22 01:38:00+00:00,BUY,3380.5,10.0,-5.0,1163.0029296875
2025-08-22 01:39:00+00:00,BUY,3381.199951171875,10.0,6.99951171875,1170.00244140625
2025-08-22 01:40:00+00:00,BUY,3380.5,10.0,-6.99951171875,1163.0029296875
2025-08-22 01:41:00+00:00,BUY,3379.699951171875,10.0,-8.00048828125,1155.00244140625
2025-08-22 01:42:00+00:00,BUY,3380.39990234375,10.0,6.99951171875,1162.001953125
2025-08-22 01:43:00+00:00,BUY,3381.10009765625,10.0,7.001953125,1169.00390625
2025-08-22 01:44:00+00:00,BUY,3381.300048828125,10.0,1.99951171875,1171.00341796875
2025-08-22 01:45:00+00:00,BUY,3381.39990234375,10.0,0.99853515625,1172.001953125
2025-08-22 01:46:00+00:00,SELL,3381.5,10.0,1.0009765625,1173.0029296875
2025-08-22 01:47:00+00:00,SELL,3381.199951171875,10.0,3.00048828125,1176.00341796875
2025-08-22 01:48:00+00:00,SELL,3381.0,10.0,1.99951171875,1178.0029296875
2025-08-22 01:49:00+00:00,BUY,3380.5,10.0,5.0,1183.0029296875
2025-08-22 01:50:00+00:00,BUY,3379.60009765625,10.0,-8.9990234375,1174.00390625
2025-08-22 01:51:00+00:00,BUY,3378.300048828125,10.0,-13.00048828125,1161.00341796875
2025-08-22 01:52:00+00:00,BUY,3377.89990234375,10.0,-4.00146484375,1157.001953125
2025-08-22 01:53:00+00:00,BUY,3377.39990234375,10.0,-5.0,1152.001953125
2025-08-22 01:54:00+00:00,BUY,3377.60009765625,10.0,2.001953125,1154.00390625
2025-08-22 01:55:00+00:00,BUY,3377.699951171875,10.0,0.99853515625,1155.00244140625
2025-08-22 01:56:00+00:00,BUY,3378.10009765625,10.0,4.00146484375,1159.00390625
2025-08-22 01:57:00+00:00,BUY,3377.5,10.0,-6.0009765625,1153.0029296875
2025-08-22 01:58:00+00:00,BUY,3377.39990234375,10.0,-1.0009765625,1152.001953125
2025-08-22 02:00:00+00:00,BUY,3377.300048828125,10.0,-0.99853515625,1151.00341796875
2025-08-22 02:01:00+00:00,BUY,3377.60009765625,10.0,3.00048828125,1154.00390625
2025-08-22 02:02:00+00:00,BUY,3377.5,10.0,-1.0009765625,1153.0029296875
2025-08-22 02:03:00+00:00,BUY,3377.699951171875,10.0,1.99951171875,1155.00244140625
2025-08-22 02:04:00+00:00,BUY,3377.199951171875,10.0,-5.0,1150.00244140625
2025-08-22 02:05:00+00:00,BUY,3377.300048828125,10.0,1.0009765625,1151.00341796875
2025-08-22 02:06:00+00:00,BUY,3377.39990234375,10.0,0.99853515625,1152.001953125
2025-08-22 02:07:00+00:00,BUY,3377.800048828125,10.0,4.00146484375,1156.00341796875
2025-08-22 02:08:00+00:00,BUY,3378.10009765625,10.0,3.00048828125,1159.00390625
2025-08-22 02:09:00+00:00,BUY,3379.0,10.0,8.9990234375,1168.0029296875
2025-08-22 02:10:00+00:00,BUY,3379.10009765625,10.0,1.0009765625,1169.00390625
2025-08-22 02:11:00+00:00,BUY,3379.5,10.0,3.9990234375,1173.0029296875
2025-08-22 02:13:00+00:00,SELL,3378.10009765625,10.0,13.9990234375,1187.001953125
2025-08-22 02:14:00+00:00,BUY,3377.800048828125,10.0,3.00048828125,1190.00244140625
2025-08-22 02:17:00+00:00,BUY,3378.199951171875,10.0,3.9990234375,1194.00146484375
2025-08-22 02:18:00+00:00,BUY,3379.10009765625,10.0,9.00146484375,1203.0029296875
2025-08-22 02:20:00+00:00,SELL,3378.800048828125,10.0,3.00048828125,1206.00341796875
2025-08-22 02:21:00+00:00,SELL,3379.10009765625,10.0,-3.00048828125,1203.0029296875
2025-08-22 02:22:00+00:00,SELL,3379.0,10.0,1.0009765625,1204.00390625
2025-08-22 02:23:00+00:00,SELL,3379.10009765625,10.0,-1.0009765625,1203.0029296875
2025-08-22 02:24:00+00:00,SELL,3378.89990234375,10.0,2.001953125,1205.0048828125
2025-08-22 02:25:00+00:00,SELL,3378.199951171875,10.0,6.99951171875,1212.00439453125
2025-08-22 02:27:00+00:00,BUY,3378.300048828125,10.0,-1.0009765625,1211.00341796875
2025-08-22 02:28:00+00:00,BUY,3378.199951171875,10.0,-1.0009765625,1210.00244140625
2025-08-22 02:29:00+00:00,BUY,3378.300048828125,10.0,1.0009765625,1211.00341796875
2025-08-22 02:30:00+00:00,BUY,3377.89990234375,10.0,-4.00146484375,1207.001953125
2025-08-22 02:31:00+00:00,BUY,3378.0,10.0,1.0009765625,1208.0029296875
2025-08-22 02:32:00+00:00,BUY,3378.10009765625,10.0,1.0009765625,1209.00390625
2025-08-22 02:33:00+00:00,BUY,3377.89990234375,10.0,-2.001953125,1207.001953125
2025-08-22 02:35:00+00:00,BUY,3377.5,10.0,-3.9990234375,1203.0029296875
2025-08-22 02:36:00+00:00,BUY,3378.199951171875,10.0,6.99951171875,1210.00244140625
2025-08-22 02:37:00+00:00,BUY,3378.699951171875,10.0,5.0,1215.00244140625
2025-08-22 02:38:00+00:00,BUY,3377.89990234375,10.0,-8.00048828125,1207.001953125
2025-08-22 02:39:00+00:00,BUY,3378.10009765625,10.0,2.001953125,1209.00390625
2025-08-22 02:40:00+00:00,BUY,3377.5,10.0,-6.0009765625,1203.0029296875
2025-08-22 02:41:00+00:00,BUY,3377.199951171875,10.0,-3.00048828125,1200.00244140625
2025-08-22 02:42:00+00:00,BUY,3377.699951171875,10.0,5.0,1205.00244140625
2025-08-22 02:43:00+00:00,BUY,3377.39990234375,10.0,-3.00048828125,1202.001953125
2025-08-22 02:44:00+00:00,BUY,3377.0,10.0,-3.9990234375,1198.0029296875
2025-08-22 02:45:00+00:00,BUY,3376.89990234375,10.0,-1.0009765625,1197.001953125
2025-08-22 02:46:00+00:00,BUY,3377.300048828125,10.0,4.00146484375,1201.00341796875
2025-08-22 02:47:00+00:00,BUY,3377.10009765625,10.0,-1.99951171875,1199.00390625
2025-08-22 02:48:00+00:00,BUY,3376.5,10.0,-6.0009765625,1193.0029296875
2025-08-22 02:49:00+00:00,BUY,3376.199951171875,10.0,-3.00048828125,1190.00244140625
2025-08-22 02:50:00+00:00,BUY,3375.89990234375,10.0,-3.00048828125,1187.001953125
2025-08-22 02:51:00+00:00,BUY,3376.39990234375,10.0,5.0,1192.001953125
2025-08-22 02:52:00+00:00,BUY,3376.5,10.0,1.0009765625,1193.0029296875
2025-08-22 02:53:00+00:00,BUY,3376.800048828125,10.0,3.00048828125,1196.00341796875
2025-08-22 02:54:00+00:00,BUY,3377.300048828125,10.0,5.0,1201.00341796875
2025-08-22 02:55:00+00:00,BUY,3376.89990234375,10.0,-4.00146484375,1197.001953125
2025-08-22 02:56:00+00:00,BUY,3377.0,10.0,1.0009765625,1198.0029296875
2025-08-22 02:57:00+00:00,BUY,3376.699951171875,10.0,-3.00048828125,1195.00244140625
2025-08-22 02:59:00+00:00,BUY,3376.89990234375,10.0,1.99951171875,1197.001953125
2025-08-22 03:00:00+00:00,BUY,3376.39990234375,10.0,-5.0,1192.001953125
2025-08-22 03:01:00+00:00,BUY,3375.699951171875,10.0,-6.99951171875,1185.00244140625
2025-08-22 03:02:00+00:00,BUY,3375.60009765625,10.0,-0.99853515625,1184.00390625
2025-08-22 03:03:00+00:00,BUY,3375.300048828125,10.0,-3.00048828125,1181.00341796875
2025-08-22 03:05:00+00:00,BUY,3374.800048828125,10.0,-5.0,1176.00341796875
2025-08-22 03:06:00+00:00,BUY,3375.699951171875,10.0,8.9990234375,1185.00244140625
2025-08-22 03:07:00+00:00,BUY,3376.0,10.0,3.00048828125,1188.0029296875
2025-08-22 03:08:00+00:00,BUY,3376.10009765625,10.0,1.0009765625,1189.00390625
2025-08-22 03:09:00+00:00,BUY,3375.699951171875,10.0,-4.00146484375,1185.00244140625
2025-08-22 03:10:00+00:00,BUY,3376.199951171875,10.0,5.0,1190.00244140625
2025-08-22 03:11:00+00:00,BUY,3376.300048828125,10.0,1.0009765625,1191.00341796875
2025-08-22 03:12:00+00:00,BUY,3376.199951171875,10.0,-1.0009765625,1190.00244140625
2025-08-22 03:13:00+00:00,BUY,3376.10009765625,10.0,-0.99853515625,1189.00390625
2025-08-22 03:14:00+00:00,BUY,3375.300048828125,10.0,-8.00048828125,1181.00341796875
2025-08-22 03:15:00+00:00,BUY,3375.800048828125,10.0,5.0,1186.00341796875
2025-08-22 03:17:00+00:00,BUY,3375.5,10.0,-3.00048828125,1183.0029296875
2025-08-22 03:18:00+00:00,BUY,3376.199951171875,10.0,6.99951171875,1190.00244140625
2025-08-22 03:19:00+00:00,BUY,3375.699951171875,10.0,-5.0,1185.00244140625
2025-08-22 03:20:00+00:00,BUY,3376.10009765625,10.0,4.00146484375,1189.00390625
2025-08-22 03:21:00+00:00,BUY,3376.199951171875,10.0,0.99853515625,1190.00244140625
2025-08-22 03:22:00+00:00,BUY,3376.300048828125,10.0,1.0009765625,1191.00341796875
2025-08-22 03:23:00+00:00,BUY,3376.10009765625,10.0,-1.99951171875,1189.00390625
2025-08-22 03:24:00+00:00,SELL,3376.300048828125,10.0,1.99951171875,1191.00341796875
2025-08-22 03:25:00+00:00,SELL,3376.5,10.0,-1.99951171875,1189.00390625
2025-08-22 03:26:00+00:00,SELL,3376.699951171875,10.0,-1.99951171875,1187.00439453125
2025-08-22 03:27:00+00:00,SELL,3376.60009765625,10.0,0.99853515625,1188.0029296875
2025-08-22 03:28:00+00:00,SELL,3376.699951171875,10.0,-0.99853515625,1187.00439453125
2025-08-22 03:29:00+00:00,SELL,3376.199951171875,10.0,5.0,1192.00439453125
2025-08-22 03:30:00+00:00,SELL,3376.300048828125,10.0,-1.0009765625,1191.00341796875
2025-08-22 03:32:00+00:00,SELL,3376.699951171875,10.0,-3.9990234375,1187.00439453125
2025-08-22 03:33:00+00:00,SELL,3377.39990234375,10.0,-6.99951171875,1180.0048828125
2025-08-22 03:34:00+00:00,SELL,3377.10009765625,10.0,2.998046875,1183.0029296875
2025-08-22 03:35:00+00:00,SELL,3377.0,10.0,1.0009765625,1184.00390625
2025-08-22 03:36:00+00:00,SELL,3377.10009765625,10.0,-1.0009765625,1183.0029296875
2025-08-22 03:37:00+00:00,SELL,3377.800048828125,10.0,-6.99951171875,1176.00341796875
2025-08-22 03:38:00+00:00,SELL,3377.60009765625,10.0,1.99951171875,1178.0029296875
2025-08-22 03:39:00+00:00,SELL,3378.0,10.0,-3.9990234375,1174.00390625
2025-08-22 03:40:00+00:00,SELL,3378.300048828125,10.0,-3.00048828125,1171.00341796875
2025-08-22 03:41:00+00:00,SELL,3377.89990234375,10.0,4.00146484375,1175.0048828125
2025-08-22 03:42:00+00:00,SELL,3377.800048828125,10.0,0.99853515625,1176.00341796875
2025-08-22 03:43:00+00:00,SELL,3377.39990234375,10.0,4.00146484375,1180.0048828125
2025-08-22 03:44:00+00:00,SELL,3377.10009765625,10.0,2.998046875,1183.0029296875
2025-08-22 03:45:00+00:00,SELL,3377.199951171875,10.0,-0.99853515625,1182.00439453125
2025-08-22 03:46:00+00:00,SELL,3377.0,10.0,1.99951171875,1184.00390625
2025-08-22 03:47:00+00:00,SELL,3375.89990234375,10.0,11.0009765625,1195.0048828125
2025-08-22 03:48:00+00:00,BUY,3376.0,10.0,-1.0009765625,1194.00390625
2025-08-22 03:49:00+00:00,BUY,3375.89990234375,10.0,-1.0009765625,1193.0029296875
2025-08-22 03:50:00+00:00,BUY,3376.199951171875,10.0,3.00048828125,1196.00341796875
2025-08-22 03:51:00+00:00,BUY,3375.89990234375,10.0,-3.00048828125,1193.0029296875
2025-08-22 03:52:00+00:00,BUY,3376.199951171875,10.0,3.00048828125,1196.00341796875
2025-08-22 03:53:00+00:00,BUY,3376.300048828125,10.0,1.0009765625,1197.00439453125
2025-08-22 03:54:00+00:00,BUY,3376.0,10.0,-3.00048828125,1194.00390625
2025-08-22 03:55:00+00:00,BUY,3375.300048828125,10.0,-6.99951171875,1187.00439453125
2025-08-22 03:56:00+00:00,BUY,3375.0,10.0,-3.00048828125,1184.00390625
2025-08-22 03:57:00+00:00,BUY,3374.89990234375,10.0,-1.0009765625,1183.0029296875
2025-08-22 03:58:00+00:00,BUY,3375.10009765625,10.0,2.001953125,1185.0048828125
